60023;EDEN DEL CARIBE S.A;;AVE 3RA Y 78, EDIF 1-B, OFICINA 110;26/08/2009;2301;7310;0;300;999;1;MERC;25;4;
60071;CENTRO INTERNACIONAL DE LA HABANA S.A.;;CALLE 20 NO.3108 E/ 31 Y 33. MIRAMAR.;02/12/2000;2301;7212;0;223;731;1;MERC;25;4;12891
60172;PINARES, S.A.;PINARES, S.A.;NICARO;31/01/2001;3211;1100;0;104;618;1;MERC;25;4;02590
60190;ALCOHOLES CUBANOS S.A.;;CALLE 23 NUMERO 171, ENTRE N Y O, VEDADO;30/04/2000;2302;1701;0;658;658;1;MERC;25;4;14249
60202;MEDICAL HOLDING, S.A.;;Calle M # 260 e/19 y 21,;01/01/1998;2302;9019;0;241;999;1;MERC;25;4;
60203;REPRESENTACIONES PLATINO, S.A.;;CALLE 16 NO. 504 ENTRE 5 TA AVE Y 7MA, MIRAMAR;01/01/1998;2301;7290;1;174;697;1;MERC;25;4;14430
60204;CONSIGNATARIA DOR, S.A.;;Habana # 304 apto 401 al 408;01/01/1998;2304;6303;0;999;999;1;MERC;25;4;
60205;PRENSA LATINA AGENCIA INFORMATIVA LATINOAMERICANA, S.A.;PL S.A.;Calle 23 # 201 5to piso Vedado;01/01/1998;2302;9417;0;999;999;1;MERC;25;4;
60207;UNION DE EMPRESAS CONSTRUCTORA DEL CARIBE S.A. (UNECA);;AVENIDA 7MA ESQUINA 41 NO. 701;01/01/1998;2301;4520;0;126;880;1;MERC;25;4;12191
60208;PROMOTORA S.A.;PROMOTORA S.A.;Calle 21 # 1053 /12 y 14 Vedado;01/01/1998;2302;7230;0;999;999;1;MERC;25;4;
60209;FINANCIERA S.A.;FINANCIERA S.A.;Calle 21 # 1103 12 y 14 Vedado/ Calle 21 # 1053 /12 y 14 Ve;01/01/1998;2302;6592;0;999;999;1;MERC;25;4;
60210;BANCO FINANCIERO INTERNACIONAL S.A.;BFI S.A.;5TA AVENIDA NO. 9009 ESQ 92 MIRAMAR;01/01/1998;2301;6519;0;271;020;1;MERC;25;4;60446
60211;BUFETE DE ASESORIAS INTERNACIONALES, S.A.;;CALLE 17 Y M, APTO. 23 EDIF. FOCSA, VEDADO;01/01/1998;2302;7211;0;263;999;1;MERC;25;4;
60213;DON CANGREJO S.A.;DON CANGREJO;Ave.1ra. No. 1606 e/ 16 	y 18, Playa	;31/01/2000;2301;5610;0;111;999;1;MERC;25;4;
60215;CORPORACION COPEXTEL S.A.;COPEXTEL S.A.;CALLE 17 NO. 55, APTO 8G, ENTRE M Y N, REPARTO VEDADO;01/01/1998;2302;3520;0;161;698;1;CMEX;25;4;14504
60217;INVERSIONES LOCARINOS S.A. (SIN OPERACIONES);INLOC S.A.;DESAMPARADOS NO. 166 ENTRE HABANA Y COMPOSTELA;01/01/1998;2304;5190;0;256;740;1;CMEX;25;4;60326
60219;FINANCIERA CAUDAL, S.A.;;CALLE 47 NO. 2813, ENTRE 28 Y 30, RPTO. KOHLY;30/06/2000;2301;6592;2;257;999;1;MERC;25;4;00257
60222;SEGUROS INTERNACIONALES DE CUBA S.A.;ESICUBA S.A.;CALLE CUBA NO. 314 ENTRE OBISPO Y OBRAPIA;01/01/1998;2304;6602;1;254;710;1;MERC;25;4;60482
60223;AGENCIA INTERNACIONAL DE INSPECCION, AJUSTE DE AVERIAS Y OTROS SERVICIOS CONEXOS S.A;INTERMAR;CALLE F NO.560 ENTRE 23 Y 25;01/01/1998;2302;7120;1;254;710;1;MERC;25;4;60482
60225;REPRESENTACION DE FIRMAS EXTRANJERAS REFEX, S.A.;REFEX S.A.;3ra. A # 3602 e/ 36a y 38;01/01/1998;2301;7290;0;999;999;1;MERC;25;4;
60226;SERVICIOS DE SEGURIDAD INTEGRAL S.A.;SEISA;CALLE 47, NO. 3413, ENTRE 34 Y 36, RPTO. KOHLY;01/01/1998;2301;7290;0;102;839;1;CMEX;25;4;11407
60227;EMPRESA DE SERVICIOS COMERCIALES S.A. (ESCO S.A.);ESCO S.A.;Barlovento. Santa Fe;01/01/1998;2301;5190;0;999;999;1;MERC;25;4;
60229;LATINO AMERICANA DE COMERCIO S.A. (INACTIVA);;Calle 18 # 120 bajos, Miramar;01/01/1998;2301;5190;0;300;999;1;CMEX;25;4;00300
60230;INVERSIONES GAMMA S.A.;GAMMA S.A.;Calle 14 #308 e/ 3ra y 5ta. Miramar;01/01/1998;2301;4520;1;211;999;1;CMEX;25;4;
60231;RESIDENCIAL TARARA S.A.;;VIA BLANCA KM. 17, CIUDAD TARARA;01/01/1998;2306;7310;0;271;020;1;MERC;25;4;60374
60232;YANSA CORPORATION INTERNACIONAL S.A.;YANSA;Calle 154 #330 Rto. NaUtico Miramar;01/01/1998;2301;5190;0;999;999;1;CMEX;25;4;
60236;PROMOCIONES ARTISTICAS Y LITERARIAS, S.A. (ARTEX);ARTEX S.A.;5ta Ave. # 8010 e/ 80 y 82 Miramar;01/01/1998;2301;9439;0;234;999;1;MERC;25;4;
60237;COMERCIALIZADORA INTERNACIONAL DE MINERALES TECNICOS S.A. POR CONTRACCION CIMTEC S.A;CIMTEC S.A.;CALLE O NO. 2 PISO 21 ENTRE 17 Y LINEA, VEDADO;01/01/1998;2302;5142;0;104;999;1;CMEX;25;4;00104
60238;CELIMAR S.A. (SIN OPERACIONES);CELIMAR S.A.;QUINTA AVENIDA NO. 18204 ENTRE 182 Y 184;01/01/1998;2301;6303;0;256;739;1;MERC;25;4;60253
60244;GRUPO DE TURISMO GAVIOTA, S.A.;GAVIOTA S.A.;Ave. el Puerto No. 102 Edif. La Marina e/ Justiz y Obrapia.;01/01/1998;2304;5510;0;271;020;1;MERC;25;4;60446
60245;CORPORACION COMERCIAL ANTEX, S.A.;ANTEX S.A.;AVENIDA DEL PUERTO NO. 102 EDIFICIO LA MARINA ENTRE JUSTIZ Y OBRAPIA;01/01/1998;2304;7214;0;271;020;1;CMEX;25;4;60446
60247;TECNOSUMA INTERNACIONAL, S.A.;TECNOSUMA S.A.;Calle 25 y 134, 2do piso C.Inmunoensayo;01/01/1998;2301;5190;0;692;692;1;CMEX;25;4;14385
60248;HEBER BIOTEC S.A.;HEBER BIOTEC;Ave.31 158 y 160 /Calle 8 #301, Miramar;01/01/1998;2301;5132;0;692;692;1;CMEX;25;4;14385
60250;NEURONIC S.A.;NEURONIC S.A.;Ave. 25 #15202 Cubanacan;01/01/1998;2301;5132;0;692;692;1;CMEX;25;4;14385
60252;LABORATORIOS ERON S.A;ERON S.A.;Calle 39 # 4410 44 y 46, Miramar;01/01/1998;2301;2600;0;241;999;1;MERC;25;4;
60253;GRUPO EMPRESARIAL VIAJES CUBA S.A.;VIAJES CUBA S.A.;5TA. AVENIDA ENTRE 182 Y 184;01/01/1998;2301;7290;0;256;739;1;GRUP;25;4;00256
60254;COMERCIAL CUPET S.A.;CUPET S.A.;CALLE 11 NO. 511, ENTRE D Y E, VEDADO;01/01/1998;2302;7290;1;104;614;1;CMEX;25;4;02605
60256;ASISTENCIA AL TURISTA S.A.;ASISTUR S.A.;AVE. DEL PRADO NO. 208 ENTRE TROCADERO Y COLON;01/01/1998;2304;7290;1;254;710;1;MERC;25;4;60482
60257;ZONA ESPECIALIZADA DE LOGISTICA Y COMERCIO, S.A. ZELCOM, S.A.;ZELCOM, S.A.;CARRETERA DE BERROA, KM 1;01/01/1998;2306;6302;1;271;020;1;MERC;25;4;60374
60258;COMMERCIAL CARIBBEAN NICKEL S.A.;CCN;EDIFICIO ALAMEDA DE PAULA, OFICINA 501, DESAMPARADOS NO. 166 ENTRE HABANA Y COMPOSTELA;01/01/1998;2304;5142;0;104;618;1;CMEX;25;4;02590
60259;ECOT S.A. (SIN OPERACION);ECOT S.A.;Calle 11 No.511, e/ D y E, Vedado;01/01/1998;2307;6599;0;104;999;1;MERC;25;4;00104
60260;AGENCIA DE CONTRATACION A REPRESENTACIONES COMERCIALES S.A., ACOREC S.A.;ACOREC S.A.;CALLE 22, NO. 318 ENTRE 3RAY 5TA AVENIDA;01/01/1998;2301;7290;0;174;697;1;MERC;25;4;14430
60261;LABORATORIOS DALMER S.A.;DALMER S.A.;AVE. 25 NO.15819 ENTRE 158 y 190, CUBANACAN;01/01/1998;2301;5132;0;692;692;1;MERC;25;4;14385
60265;FINATUR S.A.;FINATUR S.A.;CALLE 23 NO. 672 ESQ. D, VEDADO/20 MAYO E/AYESTARAN Y TERRIT;01/01/1998;2302;6592;0;258;999;1;MERC;25;4;00258
60266;CIMAB S.A.;CIMAB S.A.;CALLE 206 NO.1926 ENTRE 19 Y 21,REPARTO ATABEY;01/01/1998;2301;5132;0;692;692;1;CMEX;25;4;14385
60267;CORPORACION PANAMERICANA, S.A.;;AVE. 7MA. NO. 6209 E/ 62 Y 66, MIRAMAR;01/01/1998;2301;5190;0;174;697;1;MERC;25;4;14430
60268;INTERAUDIT S.A.;INTERAUDIT S.A.;AVE. ZOOLOGICO NO. 72, ENTRE 36 Y ULLOA, NUEVO VEDADO;01/01/1998;2302;7290;1;254;710;1;MERC;25;4;60482
60271;MACNOR S.A.(SIN OPERACION);MACNOR S.A.;Calle 2 #124 1ra y 3ra. Miramar;01/01/1998;2301;7290;0;211;999;1;MERC;25;4;
60272;COMPANIA HOTELERA DE LA HABANA;;CALLE F NO. 157 ENTRE CALZADA Y 9NA., VEDADO;01/01/1998;2302;5510;0;256;999;1;MERC;25;4;
60273;GRUPO EMPRESARIAL CUBASOL, S.A.;CUBASOL S.A.;CALLE 32 NOS. 507 Y 509 ENTRE 5TA Y 7MA AVE;01/01/1998;2301;5510;0;256;738;1;GRUP;25;4;00256
60274;GEOMINERA S.A.;GEOMINERA S.A.;CALZADA DE GUINES S/N E/ VIRGEN DEL CAMINO Y CALLE LINEA DEL FERROCARRIL, RPTO LOS ANGELES;01/01/1998;2308;5190;1;104;612;1;CMEX;25;4;00104
60275;INDUSTRIAS NEXUS, S.A.;;CALLE 34, ENTRE 49 Y 49 A, RPTO. KOHLY;04/10/1992;2301;7310;0;102;694;1;MERC;25;4;14388
60276;HAVANA RUM AND LIQUORS S.A. (SIN OPERACIONES PERO ES DUENA DE ACCIONES);HAVANA RUM;Calle 44 #305 3ra y 5ta ave. Miramar;01/01/1998;2301;5190;2;111;999;1;CMEX;25;4;
60277;AEROVARADERO S.A.;AEROVARADERO SA;CARRETERA WAJAY KM 1 1/2, AEROPUERTO INTERNACIONAL JOSE MARTI;01/01/1998;2313;6210;1;151;709;1;MERC;25;4;60395
60279;TECC S.A.;TECC S.A.;Calle 1ra e/152B y 154 Rpto NaUtico;01/01/1998;2301;3620;0;999;999;1;MERC;25;4;
60283;LABIOFAM S.A.;LABIOFAM S.A.;CALLE 45 NO. 2801 ENTRE 28 Y 34, REPARTO KOHLY;01/01/1998;2301;5132;0;131;878;1;CMEX;25;4;
60284;GRUPO NUEVA BANCA S.A.;NUEVA BANCA S.A;1ra #1406 e/ 14 y 16/18 # 120 e/1ra. y 3ra. Miramar;01/01/1998;2301;7214;0;257;999;1;MERC;25;4;
60285;GEOMAR S.A.;;Calle 4 No. 313 3ra y 5ta, Miramar;01/01/1998;2301;7120;0;271;020;1;MERC;25;4;60446
60286;CORPORACION CUBA RON S.A.;CUBA RON S.A.;Calle 200 #1708, e/17 y 19;01/01/1998;2301;1701;1;111;999;1;MERC;25;4;
60287;SERVICIOS ESPECIALIZADOS DE PROTECCION S.A.;SEPSA;CALLE MORRO, NO. 158 ENTRE TROCADERO Y COLON;01/01/1998;2304;7290;0;272;999;1;MERC;25;4;00272
60289;RESTAURACION NEUROLOGICA S.A.;;AVE. 15 NO. 2003, ESQ. 200, SIBONEY;01/01/1998;2301;9011;0;241;999;1;MERC;25;4;00241
60290;BANCO INTERNACIONAL DE COMERCIO S.A.;BICSA;CALLE PRIMERA NO. 1406, ENTRE 14 Y 16, MIRAMAR;01/01/1998;2301;6519;0;257;999;1;MERC;25;4;00257
60292;EMPRESA DE GESTION DEL PATRIMONIO;;NARCISO LÓPEZ NO. 5 ENTRE AVENIDA DEL PUERTO Y ENNA;01/01/1998;2304;5311;0;700;700;1;CMEX;25;4;14511
60293;TALLER DE REACONDICIONAMIENTO DE PIEZAS NAVALES E INDUSTRIALES S.A.;TRENA S.A.;CARRETERA DEL NAVAL NO.9, CASABLANCA;01/01/1998;2305;3840;0;151;855;1;MERC;25;4;11769
60295;TELEFONICA ANTILLANA S.A.;TELAN;EDIFICIO BARCELONA 3ER PISO OFIC. 322 5TA AVE ENTRE 76 Y 78;01/01/1998;2301;6420;0;161;698;1;MERC;25;4;14504
60297;ALMACENES UNIVERSALES S.A.;AUSA;FABRICA NO. 54 ENTRE ASPURU Y LINEA DEL FERROCARRIL;01/01/1998;2304;6023;0;271;020;1;MERC;25;4;60446
60298;CONSULTORES MARITIMOS S.A., COMAR;;BOYEROS NO. 867 ENTRE SANTA ANA Y AYESTARAN;01/01/1998;2302;7211;0;151;855;1;MERC;25;4;11769
60299;CITRICOS CARIBE S.A.;CITRICOS CARIBE S.A.;AVE. CARLOS MANUEL DE CESPEDES NO. 774 ENTRE CONILL Y TULIPAN;01/01/1998;2302;5190;0;131;741;1;CMEX;25;4;14536
60301;CORAL CONTAINER LINES S.A. (SIN OPERACIONES);;CALLE OFICIO NO. 170 AMARGURA Y TENIENTE REY;01/01/1998;2304;6303;0;151;999;1;MERC;25;4;
60304;PRODUCCIONES TRIMAGEN S.A.;TRIMAGEN S.A.;Calle AyestarAn #176 e/ 19 de Mayo y DesagUe;01/01/1998;2310;9411;0;271;020;1;MERC;25;4;60446
60307;AGENCIA DE ESPECTACULOS ARTISTICOS TURARTE S.A.;TURARTE S.A.;CALLE D NO. 255 ENTRE 11 Y 13, VEDADO;01/01/1998;2302;9439;0;256;738;1;MERC;25;4;60273
60310;CASA FINANCIERA FINTUR S.A.;FINTUR S.A.;5TA. AVENIDA NO. 4605, E/ 46 Y 60, MIRAMAR;01/01/1998;2301;6592;0;256;999;1;MERC;25;4;
60311;AGENCIA DE VIAJES CUBATUR S.A.;CUBATUR S.A.;CALLE 0, NO. 108 ENTRE 1RA. Y 3RA. LA PUNTILLA, MIRAMAR;01/01/1998;2301;6304;0;256;739;1;MERC;25;4;60253
60322;CUBANACAN EXPRESS S.A. (SIN OPERACIONES);;CALLE 5TA A NO.6223 ENTRE 64 Y 66;01/01/1998;2301;6410;0;256;740;1;MERC;25;4;60326
60324;EMPRESA COMERCIALIZADORA ITH S.A.;;CALLE 15 NO. 851, ENTRE 4 Y 6, VEDADO;01/01/1998;2302;5190;0;256;740;1;CMEX;25;4;60326
60326;GRUPO EMPRESARIAL DE SERVICIOS AL TURISMO S.A.;SERVITUR S.A.;CALLE F NO. 157, ENTRE CALZADA Y NOVENA;01/01/1998;2302;5510;0;256;740;1;GRUP;25;4;00256
60327;RESIDENCIAL TURISTICO MARINA HEMINGWAY, S.A. (SIN OPERACIONES);;SANTA FE # 2088;01/01/1998;2301;5510;0;256;999;1;MERC;25;4;00256
60331;COMPAÑIA IMPORTADORA, COMERCIALIZADORA Y ABASTECEDORA DE TURISMO ICATUR S.A. (SIN OPERACION);ICATUR S.A.;QUINTA AVENIDA, ENTRE 182 Y 184;05/11/2015;2301;5510;0;256;999;1;MERC;25;4;00256
60335;CASA DE CAMBIOS S.A, CADECA, S.A.;CADECA S.A.;AVENIDA 26 #1062, ENTRE 45 Y 47;01/01/1998;2302;6719;0;257;999;1;MERC;25;4;
60336;AEROGAVIOTA S.A.;AEROGAVIOTA S.A;CARRETERA PANAMERICANA KM. 1/2;01/01/1998;2204;6210;0;271;020;1;MERC;25;4;60446
60338;CONSULTORES ASOCIADOS, S.A.;CONAS S.A.;5TA. AVE. NO. 2201 ESQ. 22, MIRAMAR;01/01/1998;2301;7214;1;254;710;1;MERC;25;4;60482
60339;PROTEC S.A.;PROTEC S.A.;Ave. 47 # 3419 34 y 36 Rpto Kohly;01/01/1998;2301;7290;0;271;999;1;MERC;25;4;
60341;COMPLEJO LAS TERRAZAS, S.A.;LAS TERRAZAS SA;Plan Las Terrazas, Cayajabos, Sierra del Rosario;01/01/1998;2210;5510;0;256;001;1;MERC;25;4;60431
60342;EXPEDIMAR S.A.;EXPEDIMAR S.A.;CALLE 1RA, NO. 1404, ENTRE 14 Y 16, 3ER PISO, MIRAMAR;01/01/1998;2301;6303;1;174;697;1;MERC;25;4;14430
60343;SERVICIOS INTERNACIONALES DE SUPERVISION, CUBACONTROL S.A.;CUBACONTROL S.A;CALLE CONILL NO. 580 ESQ. A 26, NUEVO VEDADO;01/01/1998;2302;7120;1;254;710;1;MERC;25;4;60482
60346;TREVISO TRADING CORPORATION S.A. (inactiva);;CALLE 8 #303 3RA y 5TA AVE, MIRAMAR;01/01/1998;2301;5190;0;271;020;1;CMEX;25;4;60374
60347;TRANSIME, S.A.;TRANSIME S.A.;GALIANO 213 5TO PISO ENTRE CONCORDIA Y VIRTUDES/AVE.INDEPENDENCIA NO. 774 e/Co;01/01/1998;2303;6023;0;151;615;1;MERC;25;4;
60348;SERMAR S.A.;SERMAR S.A.;Ave.Puerto 102 esq.Obrapia/Calle 4 #313 /3ra y 5a/5a.#25616;01/01/1998;2304;6023;0;271;020;1;MERC;25;4;60446
60349;GRUPO INTERNACIONAL DE TUROPERADORES Y AGENCIAS DE VIAJES, HAVANATUR S.A.;HAVANATUR S.A.;QUINTA AVENIDA, NÚMERO 18204, ENTRE LAS CALLE 182 Y 184;01/01/1998;2301;6304;0;256;739;1;MERC;25;4;60253
60351;ALCONA S.A.;ALCONA S.A.;CALLE 42 NO. 514  ESQUINA A 7MA. AVENIDA;01/01/1998;2301;5190;0;131;742;1;CMEX;25;4;14688
60352;PRODUCCIONES ABDALA S.A.;ABDALA S.A.;CALLE 32 NO. 318 ENTRE 3RA Y 5TA AVE. MIRAMAR;01/01/1998;2301;5190;0;234;999;1;MERC;25;4;60236
60353;GENERAL NICKEL, S.A.;GENERAL NICKEL;Reparto Rolo Monterrey;29/02/2000;3214;1100;0;104;618;1;MERC;25;4;02590
60355;R.T.V. COMERCIAL S.A.;RTV COMERCIAL;Calle 23 No.156 N y O, Vedado;01/01/1998;2302;5190;0;233;999;1;MERC;25;4;
60356;INTERSUCHEL S.A.;INTERSUCHEL S.A.;CALZADA BUENOS AIRES NO. 353, ENTRE SAN JULIO Y DUREGE;15/04/1995;2310;6592;0;102;694;1;MERC;25;4;14388
60357;CONSULTORIA JURIDICA INTERNACIONAL;;Calle 16 # 314 e/ 3ra y 5ta;01/01/1998;2301;7211;0;263;999;1;MERC;25;4;
60358;FINANCIERA NACIONAL S.A., FINSA;FINSA;Calle G No. 301, planta baja, esq. a 13, VdO;01/01/1998;2302;6519;0;257;999;1;MERC;25;4;
60362;FINANCIERA CIMEX S.A.;FINCIMEX;CALLE 8 No. 319 E/ 3RA Y 5TA.,MIRAMAR;01/01/1998;2301;6592;1;271;020;1;MERC;25;4;60374
60366;BIOCEN S.A.;BIOCEN S.A.;CARRETERA BELTRAN, KM 1 ½, BEJUCAL;01/01/1998;2401;5132;0;692;692;1;CMEX;25;4;14385
60367;INVERSIONES CIMEX S.A.;;CALLE 1RA E/ 0 y 2, EDIFICIO SIERRA MAESTRA, MIRAMAR;01/01/1998;2301;4520;0;271;020;1;MERC;25;4;60374
60368;LEX S.A., AGENCIA DE PROPIEDAD INDUSTRIAL;LEX S.A. AGE.;;01/01/1998;2301;7290;0;263;999;1;MERC;25;4;
60369;CORPORACION ALIMENTARIA S.A.;CORALSA;CALLE 14 NO. 115, ENTRE 1RA Y 3RA, MIRAMAR;01/01/1998;2301;7214;0;111;999;1;MERC;25;4;00111
60370;EMPRESA CUBANA DE SERVICIOS, S.A., ECUSE;ECUSE S.A.;7MA Y 296;01/01/1998;2301;4520;0;271;020;1;MERC;25;4;60374
60374;CORPORACION CIMEX, S.A.;CIMEX S.A.;EDIFICIO SIERRA MAESTRA, 1RA. y 2DA. MIRAMAR;01/01/1998;2301;5335;0;271;020;1;CMEX;25;4;60446
60377;AGENCIA VIAJES CUBANACAN S.A.;;CALLE 68 NÚMERO 503, ENTRE LAS AVENIDAS QUINTA Y QUINTA A, MIRAMAR;01/01/1998;2301;6304;0;256;739;1;MERC;25;4;60253
60378;CAGUAYO, S.A.;CAGUAYO S.A.;Ave.Manduley 453, esq.17,Rpto Vista Alegre/Uyau k22,Autopist;01/01/1998;3403;9439;0;234;999;1;MERC;25;4;
60379;VACUNAS FINLAY, S.A.;VACUNAS FINLAY;Ave.27 No. 19805, marianao;01/01/1998;2312;5132;0;692;692;1;CMEX;25;4;14385
60380;CUBAMAR VIAJES, S.A. (LIQUIDACION);CUBAMAR VIAJES;Paseo # 572 e/ 13 y 15 Vedado;01/01/1998;2302;6304;0;256;876;1;MERC;25;4;11943
60382;COSMETIC, S.A.;COSMETIC S.A.;Ave. 47 # 3419 e/ 34 y 36, Rpto. Koly;01/01/1998;2301;2824;0;271;999;1;MERC;25;4;
60383;MELFI MARINE CORPORATION, S.A.;;ANILLO DEL PUERTO, ENTRE POTE Y LINEA DEL FERROCARRIL;01/01/1998;2305;6110;1;271;020;1;MERC;25;4;60374
60384;INMOBILIARIA LARES, S.A.;LARES S.A.;CALLE 5TA. NO. 4201, ESQ. 42, MIRAMAR;01/01/1998;2301;7310;0;271;020;1;MERC;25;4;60487
60385;BANCO DE INVERSIONES, S.A.;;5TA AVENIDA NO. 6802 ESQUINA A 68 MIRAMAR;01/01/1998;2301;6519;1;257;999;1;MERC;25;4;00257
60386;AGENCIA DE VIAJES SAN CRISTOBAL, S.A.;SAN CRISTOBAL;OFICIOS NO. 52 ENTRE LAMPARILLA Y OBRAPIA;01/01/1998;2304;6304;0;700;700;1;MERC;25;4;14511
60387;SERVICIOS AUTOMOTORES, S.A.;SASA;FABRICA S/N E/ ARROYO Y JESUS LOPEZ;01/01/1998;2304;5040;0;271;020;1;MERC;25;4;60446
60388;BANCO METROPOLITANO, S.A.;;ORELLY 402 ESQUINA A COMPOSTELA;01/01/1998;2304;6519;0;257;999;1;BANC;25;4;
60390;AGENCIA DE VIAJES AMISTUR-CUBA, S.A.;AMISTUR-CUBA SA;Paseo # 406 e/ 17 y 19 Vedado;01/01/1998;2302;6304;0;999;999;1;MERC;25;4;
60392;PESCASUR, S.A.;PESCASUR S.A.;Aparthotel Las Brisas apto 3B32, V. Panamericana;01/01/1998;2306;0810;0;111;999;1;MERC;25;4;
60393;INTERNACIONAL MARITIMA S.A.;;CALLE 2, NO. 115 ENTRE 1RA Y 3RA, MIRAMAR;24/05/1974;2301;7290;0;151;999;1;MERC;25;4;00151
60395;CORPORACION DE LA AVIACION CUBANA, S.A.;CACSA;CALLE 23 NO. 64 ESQ. INFANTA;01/01/1998;2302;7214;0;151;709;1;GRUP;25;4;00151
60396;COMPANIA FIDUCIARIA, S.A.;FIDUCIARIA S.A.;CALLE 5TA NO. 2204 ENTRE 22 Y 24;01/01/1998;2301;6519;0;257;999;1;MERC;25;4;00257
60399;INMOBILIARIA FENIX, S.A.;FENIX S.A.;MONSERRATE NO. 261 ENTRE SAN JUAN DE DIOS Y EMPEDRADO;01/01/1998;2304;7310;0;700;700;1;MERC;25;4;07364
60402;EMPRESA CUBANA IMPORTADORA DE AVIACION, S.A. (AVIAIMPORT);AVIAIMPORT S.A.;182 NO. 126 ENTRE 1RA. y 5TA. AVE. RPTO. FLORES;01/01/1998;2301;5150;1;151;709;1;MERC;25;4;60395
60403;EMPRESA CUBANA DE AEROPUERTOS Y SERVICIOS AERO NAUTICOS, S.A., ECASA;;AVE. INDEPENDENCIA S/N E/ VAN TROI Y 343;01/01/1998;2313;6303;1;151;709;1;MERC;25;4;60395
60404;CUBANA DE AVIACION, S.A.;CUBANA AVIACION;AVENIDA VAN TROI Y FINAL, TERMINAL 1 AEROPUERTO INTERNACIONAL JOSE MARTI;01/01/1998;2313;6210;0;151;709;1;MERC;25;4;60395
60405;EMPRESA NACIONAL DE SERVICIOS AEREOS, S.A. ENSA S.A.;ENSA S.A.;CALLE 27 # 102 E / M Y N;01/01/1998;2302;6210;1;151;709;1;MERC;25;4;60395
60406;CUBA CATERING, S.A.;CUBA CATERING;AVE. VAN TROI Y FINAL;01/01/1998;2313;1549;1;151;709;1;MERC;25;4;60395
60407;COMPANIA CONTRATISTA DE OBRAS PARA LA AVIACION, S.A.;CCOA S.A.;AVE. VAN TROI Y FINAL, AEROPUERTO JOSE MARTI;01/01/1998;2313;4520;1;151;709;1;MERC;25;4;60395
60408;CARIBBEAN OVERSEAS CONSTRUCTION S.A.;;CALLE 18 NO. 3105 ENTRE 31-A y 33;01/01/1998;2301;6599;0;126;880;1;MERC;25;4;12191
60410;AGENCIA DE VIAJES ECOTUR S.A.;ECOTUR S.A.;CALLE 13 NO. 18005 ENTRE 5TA AVENIDA Y 182;01/01/1998;2301;6304;0;256;739;1;MERC;25;4;60253
60411;GAVIOTA TOURS, S.A.;GAVIOTA TOURS;CALLE 47 NO. 2832 E/ 28 Y 34, REPARTO KOHLY;01/01/1998;2301;6304;0;271;020;1;MERC;25;4;60244
60412;BUFETE INTERNACIONAL, S.A.;;5TA AVENIDA NO.4002 E/ 40 Y 42;01/01/1998;2301;7211;1;263;999;1;MERC;25;4;
60413;COMPANIA DE INVERSIONES CIEN AMIGOS;CIEN AMIGOS S.A;CALLE 24 ESQ. 9NA. NO. 720, MIRAMAR;01/01/1998;2301;6599;0;256;006;1;MERC;25;4;60591
60418;CORATUR S.A.;CORATUR S.A.;AVE. 7MA. NO. 6209 E/ 62 Y 66, MIRAMAR;01/01/1998;2301;7521;0;174;697;1;CMEX;25;4;14430
60422;COMERCIAL TAKE OFF S.A.;TAKE OFF S.A.;CALLE 23 NO. 113 ESQUINA A O, LA RAMPA, VEDADO;01/01/1998;2302;5190;1;151;709;1;CMEX;25;4;60395
60425;ALAFLEX S.A.;ALAFLEX S.A.;;01/01/1998;2301;5190;0;999;999;1;MERC;25;4;
60426;FIMEL, S.A.;FIMEL;AVENIDA 47 NO. 3413 ENTRE LAS CALLES 34 Y 36, REPARTO KOHLY;01/01/1998;2301;6592;0;253;999;1;MERC;25;4;
60431;CORPORACION DE COMERCIO Y TURISMO INTERNACIONAL CUBANACAN, S.A.;CUBANACAN, S.A.;CALLE 23 NO. 156 ENTRE N Y O, VEDADO;30/04/2000;2302;5510;0;256;001;1;MERC;25;4;00256
60433;ARIES S.A.;;SAN PEDRO NO. 1 MUELLE SAN FRANCISCO;28/02/1999;2304;6303;0;271;020;1;MERC;25;4;60446
60434;GRAN ANTILLA, S.A.;GRAN ANTILLA SA;CALLE 24 ESQ. 9NA. NO. 720, MIRAMAR;30/04/2000;2301;5510;0;256;006;1;MERC;25;4;60591
60436;NUEVA FORESTAL, S.A.;NUEVA FORESTAL,;CALLE 49 A NO. 3630 REPARTO KHOLY.;30/06/2000;2301;5190;0;131;999;1;CMEX;25;4;
60437;QUIMICA INTERNACIONAL S.A;QUIMI S.A.;CALLE 17, EDIFICIO FOCSA, APARTAMENTO 1 K, ENTRE CALLE M Y CALLE N, VEDADO;31/12/1999;2302;2302;0;102;733;1;MERC;25;4;12968
60438;INMOBILIARIA CUBANA S.A;;CALLE 16 NO. 314, MIRAMAR;30/04/2000;2301;7310;0;271;020;1;MERC;25;4;60487
60439;PROMUSIC S.A.;PROMUSIC S.A.;Calle 18 No. 103 e/ 3ra. y 7ma., Playa;28/02/1999;2301;5190;0;234;999;1;CMEX;25;4;
60440;REPRESENTACIONES CULTURALES S.A.;RECSA;CALLE 158 NO. 318 ENTRE 3RA B Y 3RA D, REPARTO NAUTICO;28/02/1999;2301;9439;0;234;999;1;MERC;25;4;
60441;INMOBILIARIA CARIBE, S.A.;INMOCARIBE;5TA AVE. NO. 801 ENTRE 8 Y 10, MIRAMAR;30/06/2000;2301;7310;0;271;020;1;MERC;25;4;60446
60444;SERVICIOS LOGISTICOS MARIEL S.A.;SL MARIEL;CALLE 132, NO. 8910, ENTRE 89 Y FINAL;28/02/1999;2202;6302;0;271;020;1;MERC;25;4;60297
60445;ZERUS S.A;ZERUS S.A;Calle 23 No. 171 e/ N y O, piso 2;30/04/2000;2302;7214;1;658;658;1;MERC;25;4;14249
60446;GRUPO DE ADMINISTRACION EMPRESARIAL S.A.;GAE S.A.;Edificio La Marina, Avenida del Puerto y Obrapia;28/02/1999;2304;7214;0;271;020;1;MERC;25;4;00271
60448;RAFIN, S.A.;RAFIN;Edif. La Marina, Ave. del Puerto esq. a ObrapIa;28/02/1999;2304;6592;0;271;020;1;MERC;25;4;60446
60449;GEOESPACIAL S.A.;GEOESPACIAL SA;4 #313 e/ 3ra y 5ta/313 e/3a. y 5a. Miramar;28/02/1999;2302;7120;0;271;999;1;MERC;25;4;
60450;AT COMERCIAL S.A.;;AVE. DEL PUERTO NO. 102 Edif. La Marina e/ Justiz y Obrapia.;28/02/1999;2304;5190;0;271;020;1;MERC;25;4;60244
60451;ZONA ESPECIAL DE DESARROLLO Y DE ACTIVIDADES LOGISTICA WAJAY;ZEDAL;CARRETERA AEROCARIBBEAN KM 1 ½, WAJAY;28/02/1999;2313;6302;0;271;020;1;MERC;25;4;60297
60469;CORPORACION DE COMERCIO Y SERVICIOS CUBALSE S.A.;CUBALSE;Calle 3a. y Final, Miramar;28/02/1999;2301;5335;0;300;999;1;MERC;25;4;00300
60471;CUBAN TRADE MANAGEMENT CORPORATION S.A. CUTISA (SIN OPERACIONES);CUTISA;O e/ LINEA Y 17 (EDIFICIO SOMEILLAN);31/03/1999;2302;5150;0;161;999;1;MERC;25;4;00161
60472;SANTA CRUZ, S.A. (SIN OPERACIONES);SANTA CRUZ, S.A;FINCA LA IGUANA;30/04/2000;2404;2302;0;104;999;1;MERC;25;4;00104
60479;WORLD NEWS, S.A;WORLD NEWS, S.A;Calle 21 # 1353, esquina 26, Vedado;30/04/2000;2302;2419;0;999;999;1;MERC;25;4;
60480;EMPRESA DE SEGURIDAD Y PROTECCION DE LA AVIACION CIVIL (ESPAC S.A.);ESPAC S.A.;AEROPUERTO JOSE MARTI, TERMINAL 1, AVE VANTROY Y FINAL;08/09/1999;2313;7290;1;151;709;1;MERC;25;4;60395
60482;GRUPO DE SEGUROS Y SERVICIOS FINANCIEROS DE CUBA S.A.;GRUPO CAUDAL S.A.;CALLE NO. 515 /AVE. 43 NO. 2210 E/ 22 Y 24 RPTO. ALMENDARES;31/12/1999;2301;7214;1;254;710;1;GRUP;25;4;00254
60483;AGENCIA DE SUPERVISION Y SERVICIOS ADUANALES, ADESA S.A.;ADESA S.A.;ANILLO DEL PUERTO E/ POTE Y LINEA DEL FERROCARRIL;31/12/1999;2304;7212;1;271;020;1;MERC;25;4;60374
60485;DESARROLLO INMOBILIARIO S.A.;;CALLE 16 NO. 314 3RA Y 5TA;30/04/2000;2301;4520;0;271;020;1;MERC;25;4;60374
60487;INMOBILIARIA CIMEX S.A.;;AVE. 7MA ESQUINA 14 NO. 1401;30/04/2000;2301;7310;0;271;020;1;MERC;25;4;60374
60488;CIMEX BIENES RAICES S.A.;BIENES RAICES;CALLE 16 NO. 314 3RA Y 5TA , PLAYA;30/04/2000;2301;7310;0;271;020;1;MERC;25;4;60487
60490;CONSULTORES LEGALES Y AGENTES DE INVENCIONES Y MARCAS, S.A., CLAIM, S.A.;CLAIM, S.A.;Lonja del Comercio;31/07/2000;2304;7211;1;263;999;1;MERC;25;4;
60493;COMPANIA FINANCIERA S.A.;;CALLE 96 A NO. 510 ENTRE 5TA B Y 5TA F, MIRAMAR;31/10/2000;2301;6592;0;658;658;1;MERC;25;4;14249
60494;PESCAVANTE, S.A.;PESCAVANTE, S.A;Ave.La Pesquera s/n, Edif.Puerto Pesquero de La Habana,3 pis;31/10/2000;2304;0810;0;111;999;1;MERC;25;4;
60497;GECEM INTERNACIONAL S.A.;;CALLE 240 NO. 6124 ENTRE 51 Y TELEVILLA;31/12/2000;2312;7120;0;126;868;1;MERC;25;4;12023
60500;TECNICA HIDRAULICA, S.A.;;HUMBOLDT no. 106, ESQ. P, 6 to. piso, Vedado;30/04/2001;2302;7120;0;113;013;1;MERC;25;4;00113
60501;EMPRESA DE INVERSIONES, INGENIERIA Y COMERCIALIZACION, S.A.;;Calle O # 2 piso 18 Linea y 17 Vedado;31/05/2001;2302;7120;0;999;999;1;MERC;25;4;
60504;SIMEN AUT, S.A.;;AVENIDA INDEPENDENCIA KM 8 1/2, NÚMERO 29532, ALTOS REPARTO MARÍA DEL CARMEN;31/08/2001;2313;7214;0;102;693;1;MERC;25;4;14387
60505;TABAGEST, S.A.;TABAGEST, S.A.;5TA AVE. NO. 4004 ENTRE 40 Y 42, MIRAMAR;30/09/2001;2301;7212;1;131;881;1;MERC;25;4;
60506;EMPRESA DE INFORMACION CREDITICIA Y FINANCIERA, S.A., INCREFIN, S.A.;INCREFIN, S.A.;Calle 36 A No. 121, apt. 2,;31/10/2001;2301;6719;0;257;999;1;MERC;25;4;
60508;RESIMEVIS, S.A.;RESIMEVIS, S.A.;4 No.105 e/ 1ra.y 3ra. Miramar;31/10/2001;2301;2600;0;241;999;1;MERC;25;4;
60509;MILENIUM, S.A. (SIN OPERACION);MILENIUM, S.A.;;30/11/2001;2302;9439;0;234;999;1;MERC;25;4;
60513;TRANSGAVIOTA S.A.;TRANSGAVIOTA SA;CALLE 98 S/N ENTRE 9NA Y 11, REPARTO CUBANACAN;31/10/2001;2301;6022;0;271;020;1;MERC;25;4;60244
60517;PROYECTOS CIMEX, S.A.;;CALLE 16 NO. 314, MIRAMAR;30/04/2002;2301;7120;0;271;020;1;MERC;25;4;60487
60518;CUBADEPORTES, S.A.;CUBADEPOERTES;calle 20 No. 706 entre 7ma y 9na;30/06/2002;2301;7290;0;242;999;1;MERC;25;4;
60519;CORPORACION FINANCIERA AZUCARERA, S.A.;ARCAZ;AVENIDA 41 NO. 7012 E/ 70 Y 72;30/09/2002;2301;6592;1;658;658;1;MERC;25;4;14249
60520;AUDITEX, S.A.;AUDITA, S.A.;CALLE 94 NO. 309 ENTRE 3RA Y 3RA A;28/02/2003;2301;7212;1;271;020;1;MERC;25;4;60374
60553;NEGOCIOS EN TELECOMUNICACIONES S.A.;NETEL S.A.;CENTRO DE NEGOCIOS MIRAMAR, EDIFICIO BARCELONA, 3ER. PISO, OFICINA 322, 5TA. AVE, E/ 76 Y 78, MIRAMAR;31/10/2003;2301;7214;0;161;698;1;MERC;25;4;14504
60556;CONSULTORIA ECONOMICA CANEC S.A.;CANEC S.A.;EDIFICIO GERENCIAL MALECON, CALLE C, NO. 5, ENTRE 1RA Y 3RA;31/03/2004;2302;7212;1;254;710;1;MERC;25;4;60482
60557;CUBANIQUEL S.A.;CUBANIQUEL S.A.;BRUZON NO. 172 ESQUINA POZOS DULCES;31/07/2004;2302;5142;0;104;618;1;MERC;25;4;02590
60560;EMPRESA EXTRAHOTELERA PALMARES S.A.;;LINEA NO. 60 ENTRE M Y N;30/11/2004;2302;5610;0;256;738;1;MERC;25;4;60273
60561;EMPRESA DE TRANSPORTE TURISTICO TRANSTUR S.A.;;CALLE 19 NO. 210 ENTRE J Y K, VEDADO;30/11/2004;2302;7214;0;256;738;1;CMEX;25;4;60273
60562;EMPRESA COMERCIAL CARACOL S.A.;;AVENIDA 1RA. NO. 2003 ENTRE 20 Y 22, MIRAMAR;30/11/2004;2301;7214;1;256;738;1;CMEX;25;4;60273
60563;EMPRESA EMPRESTUR S.A.;;CALLE 5TA NÚMERO 209 ENTRE E Y F, VEDADO;30/11/2004;2302;4520;0;256;740;1;MERC;25;4;60326
60564;EMPRESA SERVISA S.A.;;CALLE 5TA Y 248, REPARTO SANTA FE;31/03/2005;2301;7214;1;256;740;1;MERC;25;4;60326
60565;EMPRESA MARINAS Y NAUTICA MARLIN S.A.;;5TA AVE. Y CALLE 248, NO. 3003, SANTA FE, RESIDENCIAL TURISTICO MARINA HEMINGWAY;31/03/2005;2301;9520;0;256;738;1;MERC;25;4;60273
60566;YAMANIGUEY S.A.;YAMANIGUEY S.A.;QUEMADO DEL NEGRO;31/03/2005;3214;1100;0;104;618;1;MERC;25;4;02590
60570;ALBET INGENIERIA Y SISTEMAS S.A.;ALBET S.A.;CARRETERA A SAN ANTONIO DE LOS BAÑOS, KM 2½, REPARTO TORRENS;31/12/2005;2313;5190;0;161;698;1;CMEX;25;4;14504
60571;CONSULTORES Y ABOGADOS INTERNACIONALES;CONABI;EDIFICIO CASA PALACIO DE LA LONJA DEL COMERCIO NO. 2, CALLE LAMPARILLA;31/01/2006;2304;7212;1;263;999;1;SOCC;25;4;00263
60572;AGENCIA DE COMUNICACION PUBLICITUR S.A.;PUBLICITUR S.A.;CALLE 19 NO. 60 ENTRE M Y N, VEDADO;28/02/2006;2302;7230;0;256;740;1;MERC;25;4;60326
60573;EMPRESA COMERCIALIZADORA DE PRODUCTOS AGROPECUARIOS Y AGROINDUSTRIALES, S.A.;CUBAGRO, S.A.;AVENIDA  51 S/N ENTRE 226 Y 230;21/07/2006;2312;0214;0;271;020;1;MERC;25;4;60446
60574;SOCIEDAD CUBANA PARA LAS TELECOMUNICACIONES;CUBATEL, S.A;CARRETERA DE ANDRADE Y PRENSA LATINA;11/12/2006;2311;3620;0;161;698;1;MERC;25;4;14504
60575;EMPRESA DE SERVICIOS A LA AVIACION CIVIL, S.A;SERVAC, S.A;CALLE 23 NUMERO 64 ESQUINA A INFANTA;15/01/2007;2302;6210;1;151;709;1;MERC;25;4;60395
60576;EMPRESA DE TRANSPORTE DE SENALES DE TELECOMUNICACIONES, S.A.;TRANSBIT S.A.;CALLE 17, NO. 55 EDIFICIO FOCSA ENTRE M Y N, VEDADO;01/02/2007;2302;6420;0;161;698;1;MERC;25;4;14504
60577;MARINAS GAVIOTA, S.A.;;AUTOPISTA SUR Y FINAL, PUNTA HICACOS;07/02/2007;2502;6120;0;271;020;1;MERC;25;4;60244
60582;MITSA S.A.;;CALLE 12 NO. 513 ENTRE 5TA Y 7MA, MIRAMAR;07/05/2007;2301;5142;1;104;618;1;CMEX;25;4;02590
60583;GRUPO EMPRESARIAL HOTELERO ISLAZUL S.A.;;CALLE 19 NO. 7010 ENTRE PASEO Y A, VEDADO;07/05/2007;2302;5510;0;256;015;1;MERC;25;4;00256
60586;DINVAI CONSTRUCCIONES S.A.;;CALLE 18 NUMERO 3105, ENTRE 31 Y 33;25/08/2008;2301;4520;1;126;880;1;MERC;25;4;12191
60588;IMPORTADORA Y EXPORTADORA DE PRODUCTOS MEDICOS, MEDICUBA S.A;;CALLE 2 NO. 352 ENTRE 15 Y 17, VEDADO;10/02/2009;2302;5190;0;241;999;1;CMEX;25;4;00241
60589;SERVICIOS DE INGENIERIA ELECTRICA CUBANA S.A;;EDIFICIO ENE, CALLE N E/ 21 Y 23 PISO 8;20/02/2009;2302;7120;1;104;620;1;MERC;25;4;02704
60590;EMPRESA DE EXPLORACION Y EXTRACCION DE PETROLEO Y GAS S.A;PETRAF S.A;CALLE 11 NO. 610 E/ 6 Y 41;15/05/2009;2301;7513;0;271;020;1;MERC;25;4;60446
60591;GRUPO EMPRESARIAL HOTELERO GRAN CARIBE S.A;;CALLE 7 NO. 4210 42 y 44, MIRAMAR;23/06/2009;2301;5510;0;256;006;1;MERC;25;4;00256
60592;SERVICIOS DE AUDITORIA S.A;SDA S.A;AVENIDA TERCERA, NÚMERO 3611, ENTRE 36 A Y 38, MIRAMAR;17/07/2009;2301;7212;0;271;020;1;MERC;25;4;60446
60593;MCV SERVICIOS S.A;;CALLE 6 NO. 318 ENTRE 3RA Y 5TA, MIRAMAR;16/11/2009;2301;5040;1;151;615;1;MERC;25;4;13992
60594;TECHAGRO, S.A.;;CALLE TERCERA Y CARRETERA DE TIRABEQUE, SUR DEL REPARTO LA UNION LOCAL DE OFICINAS A4009;16/11/2009;2401;5190;0;151;999;1;CMEX;25;4;00151
60595;GOLD CARIBBEAN MINING, S.A.;;CALZADA DE GUINES, ENTRE VIRGEN DEL CAMINO Y LINEA DEL FERROCARRIL, RPTO LOS ANGELES;11/02/2010;2308;1210;0;104;612;1;MERC;25;4;02377
60596;SERVICIOS DE PAGOS RED S.A.;REDSA;AGUIAR NUMERO 363 ENTRE OBISPO Y OBRAPIA;18/02/2010;2304;6592;0;257;999;1;BANC;25;4;00257
60597;TERMINAL DE CONTENEDORES DE MARIEL,S.A;TCM S.A;CARRETERA A QUIEBRA HACHA, KILOMETRO 8 Y MEDIO, PENINSULA DE ANGOSTA,VISTA DEL MAR;06/01/2011;2202;6023;0;271;020;1;MERC;25;4;60446
60598;COMERCIALIZADORA DE SERVICIOS MEDICOS CUBANOS, S.A.;CSMC S.A.;CALLE 44, NO. 502, ENTRE 5TA AVENIDA Y 5TA A;19/10/2011;2301;9019;0;241;999;1;MERC;25;4;00241
60599;CARIBBEAN DRYDOCK COMPANY S.A.;CDC S.A.;CARRETERA DEL NAVAL NUMERO 9, CASABLANCA;24/01/2012;2305;3840;0;151;855;1;MERC;25;4;11769
60600;EMPRESA DE ENERGIA S.A;ENERSA;CALLE OFICIOS, NUMERO 154, ENTRE TENIENTE REY Y AMARGURA;22/01/2012;2304;7290;0;104;614;1;MERC;25;4;02704
60601;EMPRESA COMERCIALIZADORA DE SOLUCIONES S.A.;ECOS S.A.;5TA VENIDA NO. 3401 ESQ.34, MIRAMAR;22/02/2012;2301;7010;0;161;999;1;MERC;25;4;00161
60603;EMPRESA DE SOLUCIONES INTEGRALES DE TELECOMUNICACIONES S.A;SOLINTEL S.A.;CALLE 1RA ESQUINA A B, NO. 201, VEDADO;26/11/2012;2302;3590;0;161;698;1;MERC;25;4;14504
60604;THUNDER CONTAINER LEASING & REPAIR, S.A.;TCLR S.A.;CALLE 26 NO. 560 ENTRE 31 Y 33, NUEVO VEDADO.;26/12/2012;2302;6303;0;151;855;1;MERC;25;4;11769
60606;TECNOTUR S.A.;;CALLE 32 NO. 309 ENTRE 3RA Y 5TA AVENIDAS, REPARTO MIRAMAR.;26/03/2013;2301;5190;0;256;740;1;MERC;25;4;60326
60607;PAPAS & CO S.A.;;CARRETERA EL ROBLE, S/N, ROTONDA DE COJIMAR;30/10/2013;2306;1531;0;111;999;1;MERC;25;4;00111
60608;ALIMENTOS Y BEBIDAS LA ESTANCIA S.A.;LA ESTANCIA S.A.;CALLE 216 A, NO. 1506, ENTRE 15 Y 17, REPARTO SIBONEY;16/12/2013;2301;1513;1;111;999;1;MERC;25;4;60286
60609;CUBAGOLF S.A.(SIN OPERACIONES);;CALLE 13 NO. 18006 ENTRE 5TA. Y 182, RPTO. FLORES;16/01/2015;2301;7310;0;256;738;1;MERC;25;4;60273
60610;COMPAÑIA TURISTICA E INMOBILIARIA PAREDON GRANDE S.A. (SIN OPERACION);;LINEA NO. 60 ENTRE M Y N;05/11/2015;2302;5510;0;256;999;1;MERC;25;4;00256
60611;EMPRESA CONTRATISTA PARA LA INDUSTRIA AZUCARERA;ECIAZ, S.A.;CARRETERA VIEJA DE COJIMAR Y LINEA DE FERROCARRIL, NO. 392, RPTO. EL ROBLE;24/05/2016;2307;7214;0;658;658;1;MERC;25;4;14249
60612;INDUSTRIAL BIOTECNOLOGICO CIGB-MARIEL S.A.;CIGB-MARIEL, S.A.;FINCA 10284, SECTOR A-3;19/08/2016;2202;2600;;692;692;1;MERC;25;4;14385
60613;INVERTRONIC, S.A.;;CALLE QUINTA A, NÚMERO 4604, ENTRE 46 Y 60. REPARTO MIRAMAR;03/04/2017;2301;7010;;102;839;1;MERC;25;4;13151
60614;FERRONIQUEL MINERA, S.A;FERRONIQUEL MINERA, S.A;CARRETERA MOA-BARACOA KILOMETRO 16 Y MEDIO;15/06/2017;3214;1100;;104;618;1;MERC;25;4;02590
60615;EMPRESA CUBANA DE NAVEGACION AEREA S.A;ECNA, S.A;AVENIDA PANAMERICANA Y FINAL, EDIFICIO ATC;22/06/2017;2313;6210;;151;709;1;MERC;25;4;
60616;BALSANYDA Y ASOCIADOS, S.A;;CALLE 2, NÚMERO 115, ENTRE LAS AVENIDAS PRIMERA Y TERCERA;05/07/2017;2301;7212;;151;999;1;MERC;25;4;
60617;EMPLEADORA DE LA INDUSTRIA ALIMENTARIA S.A;EMPIASA;CALLE 14 NÚMERO 115 ENTRE PRIMERA Y TERCERA;11/07/2017;2301;7290;;111;999;1;MERC;25;4;00111
60618;PRODIMAT,S.A;;AVENIDA CARLOS MANUEL DE CÉSPEDES Y 35;15/08/2017;2302;7214;;126;868;1;MERC;25;4;12023
60619;CIMEX-MARIEL, S.A;;ZONA A-9, PARCELA 204 ZONA ESPECIAL DE DESARROLLO DEL MARIEL;17/08/2017;2202;1544;;271;020;1;MERC;25;4;
60620;BCF, S.A;;CALLE 134 NÚMERO 2305 ENTRE AVENIDA 23-A Y AVENIDA 25, REPARTO CUBANACAN;24/08/2017;2301;8010;;692;692;1;MERC;25;4;14385
60621;REFINERIA CIENFUEGOS, S.A;;FINCA LA CAROLINA;24/08/2017;2707;2500;;104;614;1;MERC;25;4;02605
60622;MORTEROS ARTEMISA, S.A.;;TERRENOS ALEDAÑOS A LA FABRICA DE CEMENTOS MARTIRES DE ARTEMISA;04/01/2018;2209;5190;;126;868;1;MERC;25;4;12023
60623;CEMENTOS MONCADA, S.A;;CARRETERA DE SIBONEY, ENTRONQUE EL SALADO, ¨CASERÍO LOS COQUITOS¨;20/02/2018;3406;3194;;271;020;1;MERC;25;4;60446
60624;CEMENTOS SANTIAGO, S.A;CEMENTO SANTIAGO;CARRETERA DE SIBONEY, ENTRONQUE EL SALADO, CASERIO LOS COQUITOS;12/04/2018;3406;5190;;126;868;1;MERC;25;4;
60625;AGROFORESTAL S,A;;CALLE CONILL ENTRE AVENIDA CARLOS MANUEL DE CÉSPEDES Y MARINO;12/04/2018;2302;7513;;131;879;1;MERC;25;4;12189