20007;FRANCISCO PEREZ GERMAN;KM 37 CARRETERA LUIS LAZO ZONA CA;2103;0215;3;131;11157;ANAP;23/09/1982;;;N
20010;CELSO MARAGOTO LARA BAJA S/C ;21;2108;0218;;131;;;;;31/12/2003;N
20019;MANUEL AZCUNCE;CHAMIZO;2108;0215;3;131;03872;ANAP;31/05/1979;;;N
20022;VLADIMIR ILICH LENIN;ARROYO NARANJO;2105;0215;3;131;11328;ANAP;18/11/1982;;;N
20041;RUBEN LOPEZ;CAYOS DE SAN PELIPE;2104;0215;3;131;11141;ANAP;23/02/1996;;;N
20045;GRANMA;CAYO LARGO;2102;0215;3;131;04079;ANAP;23/04/1980;;;N
20047;FIDEL RODRIGUEZ;SAN CAYETANO;2104;0215;3;131;11141;ANAP;23/02/1996;;;N
20049;ANTONIO GUITERAS BAJA S/C ;21;2108;0218;;131;;;;;31/12/2003;N
20064;CONRADO BENITEZ;EL HOYO DEL GUAMA;2108;0215;3;131;03872;ANAP;31/05/1979;;;N
20075;DOMINGO MONS;KM 13 CARRETERA A ARROYO;2102;0215;3;131;04079;ANAP;23/04/1980;;;N
20084;LEANDRO CAMEJO;LA ZONA MALPOTON;2101;0215;3;131;03451;ANAP;20/10/1992;;;N
20087;VEINTISEIS DE JULIO;MANTUA;2102;0215;3;131;04079;ANAP;23/04/1980;;;N
20106;CAMILO CIENFUEGOS;QUEMADO DE PINEDA;2103;0215;4;131;11323;ANAP;23/09/1982;;;N
20111;ALVARO REINOSO BAJA S/C;21;2111;0218;;131;;;;;31/12/2003;N
20113;MAXIMO LUGO;EL SABALO;2111;0215;3;131;04084;ANAP;24/12/1981;;;N
20120;MAXIMILIANO QUINTANA BAJA S/C 3T/03 ;21;2102;0218;;131;;;;;31/12/2003;N
20126;JULIO A MELLA;KM 11 CARRETERA A LA COLOMA;2108;0215;3;131;03872;ANAP;30/10/1979;;;N
20133;CELSO MARAGOTO LARA;PONS;2103;0215;3;131;11157;ANAP;23/09/1982;;;N
20139;MAXIMO LUGO BAJA S/C 3T/03;21;2102;0218;;131;;;;;31/12/2003;N
20159;LENIN;KM 8 CARRETERA ARROYO ZONA EL SIJ;2102;0213;4;131;04079;ANAP;23/04/1980;;;N
20164;GENERAL ANTONIO BAJA S/C  ;21;2109;0218;;131;;;;;31/12/2003;N
20165;LUIS BOCOURT BOCOURT;ZONA VALDES;2201;0311;7;131;13006;ANAP;31/05/1980;;;N
20185;HEBERTO POLANCO;LA MULATA;2105;0213;4;658;02491;ANAP;21/05/1981;;;N
20193;FRUCTUOSO RODRIGUEZ BAJA S/C 3T/03  ;21;2110;0218;;131;;;;;31/12/2003;N
20195;SABINO PUPO;LAS MARTINAS;2101;0215;3;131;03451;ANAP;30/09/1981;;;N
20198;MANUEL GONZALEZ DIAZ BAJA S/C  ;21;2211;0218;;131;;;;;31/12/2003;N
20199;ALFREDO GUTIERREZ BAJA S/C;21;2211;0218;;131;;;;;31/12/2003;N
20201;10 DE OCTUBRE BAJA S/C ;21;2211;0218;;131;;;;;31/12/2003;N
20206;JULITO DIAZ;PILOTOS;2107;0215;3;131;03871;ANAP;24/12/1981;;;N
20207;JULIO ANTONIO MELLA BAJA S/C 3T/03  ;21;2107;0218;;131;;;;;31/12/2003;N
20210;ALFREDO YABUR;KM 3 BARRIO LENA;2107;0215;3;131;03871;ANAP;24/12/1981;;;N
20219;REPUBLICA DE CHILE;LAGUNA DE PIEDRA;2104;0215;3;131;11141;ANAP;21/01/1982;;;N
20220;JOSE GREGORIO GARCIA;SAN DIEGO;2201;0311;7;131;13006;ANAP;21/01/1982;;;N
20225;AGUEDO MORALES REINA;KM 10 1/2 CARRETERA ALONSO ROJAS;2107;0213;4;131;03871;6209;25/08/1909;;;N
20226;2 DE DICIEMBRE;PILOTOS;2107;0215;3;131;03871;ANAP;24/12/1981;;;N
20227;MARINA AZCUY BAJA S/C;21;2107;0218;;131;;;;;31/12/2003;N
20235;CAPITAN SAN LUIS BAJA S/C 2T/03;21;2210;0218;;131;;;;;31/12/2003;N
20237;CONGRESO CAMPESINO EN ARMAS;BARRIO SAN PABLO PILOTOS;2107;0215;3;131;03871;ANAP;23/06/1983;;;N
20238;RAUL MAQUEIRA;KM 8 CARRETERA ALONSO ROJAS;2107;0215;3;131;03871;ANAP;23/06/1983;;;N
20239;ELISEO CAMANO;FINCA PABLO PILOTOS;2107;0215;3;131;03871;ANAP;23/06/1983;;;N
20240;XI FESTIVAL BAJA S/C ;21;2107;0218;;131;;;;;31/12/2003;N
20241;HERMANOS BARCON BAJA S/C 3T/03 ;21;2107;0218;;131;;;;;31/12/2003;N
20242;JESUS SUAREZ SOCA;FINCA SANTA MARIA SANTA CLARA;2107;0215;3;131;03871;ANAP;23/06/1983;;;N
20243;CARLOS BALIÑO BAJA S/C 3T/03 ;21;2107;0218;;131;;;;;31/12/2003;N
20249;RENATO GUITART BAJA S/C 3T/03  ;21;2109;0218;;131;;;;;31/12/2003;N
20250;JOSE MARTI;RIO FEO;2109;0215;3;131;03870;ANAP;28/06/1982;;;N
20251;JOSE ANTONIO ECHEVERRIA;BARBACOA;2109;0215;3;131;03870;ANAP;07/06/1982;;;N
20255;ORLANDO NODARSE;LA PAILA;2211;0214;2;131;04306;ANAP;06/07/1982;;;N
20256;ALFONSO VALDES BAJA S/C;21;2109;0218;;131;;;;;31/12/2003;N
20261;SANTOS CRUZ BAJA S/C ;21;2104;0218;;131;;;;;31/12/2003;N
20266;RAUL SANCHEZ;RIO BLANCO;2105;0311;4;131;02491;ANAP;27/08/1982;;;N
20267;PEDRO TELLEZ;LA CEJA;2102;0215;3;131;04079;ANAP;27/08/1982;;;N
20272;PEDRO RODRIGUEZ;BARRIO CABEZAS;2103;0215;3;131;11157;ANAP;23/09/1982;;;N
20273;PEDRO ZAIDEN;ZONA HERRADURA;2107;0215;3;131;03871;ANAP;23/08/1982;;;N
20275;ANTONIO M BORDAO;LOS CAYOS;2101;0215;3;131;03451;ANAP;19/10/1982;;;N
20278;AUGUSTO CESAR SANDINO;GAVILAN;2105;0215;3;131;11328;ANAP;18/11/1982;;;N
20281;ABEL SANTAMARIA;LA BARIA;2105;0215;3;131;11328;ANAP;13/12/1982;;;N
20282;CAMILO CIENFUEGOS;LOMA DEL GANZO;2108;0215;3;131;03872;ANAP;05/02/1983;;;N
20286;EDUARDO GARCIA LAVANDERO BAJA S/C;21;2108;0218;;131;;;;;31/12/2003;N
20290;HERMANOS BARCON;KM 14 CARRETERA LUIS LAZO;2108;0215;3;131;03872;ANAP;31/05/1983;;;N
20298;LENIN BAJA S/C 3T/03 ;21;2109;0218;;131;;;;;31/12/2003;N
20299;NICETO PEREZ BAJA S/C;21;2109;0218;;131;;;;;31/12/2003;N
20301;LEONEL ABRAHANTES;EL CAFETAL;2110;0215;3;131;03452;ANAP;29/07/1983;;;N
20307;17 DE MAYO;BARRIO DEL LUENGO;2109;0215;3;131;03870;ANAP;23/08/1983;;;N
20308;FRANK PAIS BAJA S/C 3T/03 ;21;2110;0218;;131;;;;;31/12/2003;N
20309;JUAN MANUEL MARQUEZ;RIO FEO;2110;0215;3;131;03452;ANAP;25/08/1983;;;N
20311;LUIS SAIZ BAJA S/C COOP 4/02 ;21;2108;0218;;131;;;;;31/12/2003;N
20314;CAMILO CIENFUEGOS BAJA S/C;21;2104;999900;;131;;;;;31/12/2003;N
20318;LUIS AUGUSTO TURCIOS LIMA;LLANADA;2109;0213;4;131;03583;ANAP;27/12/1983;;;N
20319;ISIDRO BARREDO;KM 10 CARRETERA A VINALES;2108;0215;3;131;03872;ANAP;01/03/1984;;;N
20321;LEOPOLDO REYES;CHIRIGOTA;2211;0110;1;658;02381;ANAP;07/06/1984;;;N
20325;EDUARDO SOLANO BAJA S/C;21;2211;0218;;131;;;;;31/12/2003;N
20328;RAMON GONZALEZ CORO;EL VALLE;2111;0215;3;131;04084;ANAP;10/09/1984;;;N
20329;SABINO PUPO;CHAMIZO;2108;0215;3;131;03872;ANAP;10/09/1984;;;N
20330;RAFAEL MORALES;ENTRONQUE DE OVAS;2108;0215;3;131;03872;ANAP;10/09/1984;;;N
20331;17 DE MAYO BAJA S/C  ;21;2211;0218;;131;;;;;31/12/2003;N
20332;14 DE JUNIO BAJA S/C 3T/03;21;2211;011000;;658;;;;;31/12/2003;N
20333;MARTIRES DE LA PALMA;LA JAGUA;2105;0215;3;131;11328;ANAP;19/06/1985;;;N
20334;MODESTO SERRANO BAJA S/C  ;21;2211;0218;;131;;;;;31/12/2003;N
20335;ROBERTO AMARAN;CARRETERA LUIS LAZO;2108;0213;4;131;03872;ANAP;27/09/1985;;;N
20336;MARTIRES DE SAN CARLOS BAJA S/C;21;2103;0218;;131;;;;;31/12/2003;N
20337;JULIO ANTONIO MELLA;TIRADO;2109;0213;4;131;03583;ANAP;30/09/1985;;;N
20342;ASALTO AL MONCADA;SUMIDERO;2103;0215;3;131;11157;ANAP;19/03/1986;;;N
20343;ERUNDINO MONTANET;PICA PICA;2103;0215;3;131;11157;ANAP;19/03/1986;;;N
20347;26 DE JULIO BAJA S/C ;21;2211;0218;;131;;;;;31/12/2003;N
20348;PEDRO RODRIGUEZ BAJA S/C  ;21;2111;0218;;131;;;;;31/12/2003;N
20353;CAPITAN TOMAS;ZONA DE BOLDAJE;2106;0215;3;131;08358;ANAP;24/10/2003;;;N
20356;CELSO AMBROSIO CRUZ CABALLERO BAJA S/C;21;2105;0218;;131;;;;;31/12/2003;N
20359;ALFREDO RODRIGUEZ CARBONELL;BATEY CENTRAL PABLO DE LA TORRIENTE BRAU;2201;0311;7;131;13006;ANAP;30/09/1988;;;N
20360;NICETO PEREZ;GUILLEN Y EL GACHO;2110;0215;3;131;03452;ANAP;18/10/1988;;;N
20361;CARLOS LORIGA BAJA S/C ;21;2109;0218;;131;;;;;31/12/2003;N
20362;AGUSTO CESAR SANDINO  BAJA S/C 2T/03  ;21;2210;0218;;131;;;;;31/12/2003;N
20363;JOSE MARTI;EL CANAL;2211;0110;1;658;02381;ANAP;29/11/1988;;;N
20365;CAMILO CIENFUEGOS BAJA S/C 3T/03 ;21;2106;011000;;658;;;;;31/12/2003;N
20367;CAMILO CIENFUEGOS;FINCA MADRAZO;2201;0110;1;658;02492;ANAP;17/05/1990;;;N
20368;CUBA SOCIALISTA;KM 4 CARRETERA A VINALES;2108;0215;3;131;03872;ANAP;12/11/1990;;;N
20370;MIGUEL BETANCOURT;EL SITIO;2105;0215;3;131;11328;ANAP;09/07/1992;;;N
20374;4TO CONGRESO DEL PARTIDO BAJA S/C 3T/03 ;21;2110;0218;;131;;;;;31/12/2003;N
20375;10 DE OCTUBRE BAJA S/C 3T/03 ;21;2110;0218;;131;;;;;31/12/2003;N
20376;BIENVENIDO RUBIDO;TRUJILLO;2110;0215;3;131;03452;ANAP;09/07/1992;;;N
20377;HERMANOS VENA;KM 1 1/2 CARRETERRA A SAN JUAN;2109;0215;3;131;03870;427;05/03/2010;;;N
20379;4TO CONGRESO;LAS PULGAS;2101;0215;3;131;03451;ANAP;20/10/1992;;;N
20380;SABINO PUPO;COPALE CARRETERA DIMAS;2102;0215;3;131;04079;ANAP;20/10/1992;;;N
20381;1ERO DE ENERO;PALMARITO;2101;0215;3;131;03451;ANAP;20/10/1992;;;N
20382;RAFAEL FERRO MACIAS;BARRIO RIO FEO ZONA SAN JUAN;2108;0215;3;131;03872;ANAP;08/10/1993;;;N
20383;JOSE M LAZO DE LA VEGA;LA VIGIA SAN DIEGO DE LOS BANOS;2106;0110;1;658;08358;6409;14/09/2009;;;N
20386;10 DE OCTUBRE;KM 2 1/2 CARRETERA A PUNTA DE CAR;2110;0215;3;131;03452;1311;16/09/2003;;;N
20387;CARLOS BALINO;ZONA PUERTA DE GOLPE;2107;0215;3;131;03871;741;29/09/1903;;;N
20388;RENATO GUITART;RETIRO;2109;0215;3;131;03870;1100;29/09/2003;;;N
20389;14 DE JUNIO;FIERRO;2211;0110;1;658;03582;ANAP;29/03/1903;;;N
20390;XI FESTIVAL;ENTRONQUE DE PILOTOS;2107;0215;3;131;03871;7988;30/01/2004;;;N
20391;PEDRO RODRIGUEZ;EL VALLE GUANE;2111;0215;3;131;04084;ANAP;09/10/1984;;;N
20392;CARLOS LORIGA;CARLOS LORIGA;2109;0215;3;131;03870;1865;28/06/2004;;;N
20393;CAMILO CIENFUEGOS;ZONA INDAYA;2104;0311;7;131;11141;ANAP;12/01/2004;;;N
20394;CELSO MARAGOTO LARA;FINCA LA ENVIDIA KM 11 CARRETERA;2108;0215;3;131;03872;3389;08/09/2005;;;N
20395;17 DE MAYO;NICETO PEREZ ARROYO SECO;2211;0214;2;131;04306;90/06;27/06/1906;;;N
20396;26 DE JULIO;COMUNIDAD NICETO PEREZ SABANILLA;2211;0214;2;131;04306;91/06;27/06/1906;;;N
20397;MODESTO SERRANO;BATEY CIRO REDONDO;2211;0214;2;131;04306;89/06;27/06/1906;;;N
20604;OSVALDO PADRON;FINCA TOMASITA CENTRAL ORLANDO NODARSE;2202;0311;7;131;;;;;;N
20607;PROTESTA DE BARAGUA;CARRETERA CENTRAL KM 62;2202;0213;4;131;;;;;;N
20613;HUMBERTO HERNANDEZ;CARRETERA VIEJA CATALINA CATALINA GUINES FINCA RAMIE;2408;0110;1;131;;01/79;19/07/1979;;;N
20618;26 DE JULIO;FINCA GOVIN;2406;0311;7;131;;;25/07/1979;;;N
20619;26 DE JULIO;SAN RAFAEL;2411;0110;1;658;;;;;;N
20621;NICETO PEREZ;EL TUMBADERO;2207;0213;4;131;;;;;;N
20622;RUBEN MARTINEZ VILLENA;FINCA LA ESTRELLA CARRETERA GUANIMAR;2208;0213;4;131;;;09/09/1979;;;N
20628;MARTIRES DE BARBADOS;ZONA SAN FRANCISCO;2203;0311;7;131;;;;;;N
20629;CAMILO CIENFUEGOS;FINCA SAN GREGORIO;2405;0110;1;658;;;04/07/2014;;;N
20635;27 DE NOVIEMBRE;CARRETERA PLAYA ROSARIO FINCA LA PEDRERA  OSVALDO SÁNCHEZ;2408;0213;4;131;;01/79;27/11/1979;;;N
20637;CUBA SOCIALISTA;FINCA EL PALOMAR CARR.CASIGUAS KM 6;2403;0213;4;131;;;;;;N
20643;ANTERO REGALADO;FINCA DOMINICA;2202;0311;7;131;;;;;;N
20645;AMISTAD CUBANO-NICARAGUENSE;AVE 61 E/ 32 Y 34 NO.6101;2407;0110;1;658;;;;;;N
20647;JOSE A. LABRADOR;ZONA PIJIRIGUA;2209;0110;1;658;;;;;;N
20650;AMISTAD CUBA-CAMBODIA;BATEY EL CONDE SAN A. RIO BLANCO;2403;0110;1;658;;;;;;N
20651;JORGE DIMITROV;LA ZONA GOVEA;2206;0213;4;131;;;;;;N
20656;NELSON FERNANDEZ;CALLE 32 NO 3311CATALINA DE GUINES;2408;0213;4;131;03785;;25/12/1980;;;N
20663;MARTIRES DEL MONCADA;FINCA JIMAGUA;2406;0110;1;658;;;22/03/1982;;;N
20664;ORLANDO NODARSE;CARRETERA DE JOBO KM 2 BARRIO;2203;0110;1;658;;;;;;N
20665;21 DE SEPTIEMBRE;LA ZONA SISKAY;2204;0110;1;658;;;;;;N
20666;CONGRESO CAMPESINO EN ARMAS;EL JOBO;2407;0110;1;658;;;;;;N
20667;CRUCERO AURORA;AVE 5 NR214 E2 Y 4 CARABALLO;2403;0213;4;131;;;;;;N
20668;CAPITAN TOMAS;FINCA EL COROJO CARRETERA GUANIMAR;2208;0213;4;131;;ANAP;21/09/1981;;;N
20669;AMISTAD CUBA-MEXICO;FINCA LOS PINOS CARRETERA ALQUIZAR GUIRA KM 2 1/2;2208;0213;4;131;;ANAP;30/10/1993;;;N
20672;ISMAEL RICONDO;LA ZONA PORVENIR;2209;0110;1;658;;;;;;N
20675;CAPITAN ALBERTO TORRES GONZALEZ;CARRETERA PLAYA ROSARIO KM 5 1/2 OSVALDO SANCHEZ;2408;0110;1;658;03785;01/81;31/12/1981;;;N
20678;AMISTAD CUBA-MEXICO;CARRETERA GUINES SAN NICOLAS;2408;0110;1;658;;;27/03/1982;;;N
20679;VICTORIA DE GIRON;FINCA JIQUIABO;2404;0311;7;131;;ANAP;04/01/1982;;;N
20680;VICTORIA DE GIRON;BARRIO PARADERO DE MANGA;2209;0110;1;658;;;;;;N
20683;WALDO DIAZ FUENTES;LA ZONA JUNCO;2206;0213;4;131;;;;;;N
20686;HEROES DEL MONCADA;FINCA AVERHOFF AGUACATE;2405;0110;1;658;;;;;;N
20687;EULALIO GARCIA RODRIGUEZ;FINCA AGRIMENSOR;2409;0110;1;658;;;;;;N
20688;ROMARICO CORDERO;KM 4 1/2 CARRETERA BEJUCAL  QUIVICAN;2401;0110;1;658;;;10/10/1982;;;N
20689;BENITO JUAREZ;CARRETERA VISTA ALEGRE;2403;0110;1;658;;;;;;N
20690;MANUEL ASCUNCE DOMENECH;FINCA SAN VICENTE;2410;0213;4;131;;;;;;N
20694;CUBA-SOCIALISTA;FINCA LA ESPERANZA  CAYAJABOS;2405;0110;1;658;;;04/07/2014;;;N
20695;MANOLO ROJO PEREZ;VEGA;2406;0110;1;658;;;02/12/1982;;;N
20697;NESTOR P. MILIAN;LA ZONA ZAPARTE;2209;0311;7;131;;;;;;N
20699;PEPITO TEY;MAMEY DURO;2206;0110;1;658;;;;;;N
20700;AMISTAD CUBA-AFGANISTAN;LA LUISA;2206;0110;1;658;;;;;;N
20700;AMISTAD CUBA-AFGANISTAN;EL JOBO;2405;0213;4;131;;;;;;N
20702;9 DE ABRIL;LA CARDONA;2207;0213;4;131;;;;;;N
20703;JOSE MARTI BAJA S/C  ;21;2206;0218;;131;;;;;31/12/2003;N
20707;CIRO REDONDO;FINCA ZAYAS CARRETERA SANTA  B;2410;0213;4;131;;;;;;N
20710;28 DE SEPTIEMBRE;FINCA SANTA TERESA;2410;0213;4;131;;;;;;N
20711;ANTONINO ROJAS;FINCA LA BAHUMA OSVALDO SANCHEZ;2408;0110;1;658;;;;;;N
20712;17 DE MAYO;CARRETERA BUENAVENTURA LA SALUD;2411;0110;1;658;;;04/07/2014;;;N
20713;HEROES DE YAGUAJAY;FINCA SAN FRANCISCO KM 1  1/2 CARRETERA AILQUIZAR SAN ANTONI;2208;0213;4;131;;;29/12/1983;;;N
20717;ELIO MIGUEL VALDES;CARRETERA MELENA GUARA;2409;0213;4;131;;;;;;N
20718;HERMANOS MACEO;1RO DE MAYO;2207;0213;4;658;;;;;;N
20719;PEDRO LANTIGUA;CARRETERA BUENAVENTURA LA SALUD;2411;0213;4;131;;;09/04/1987;;;N
20720;AMISTAD CUBA-PAISES NORDICOS;LA FINCA LA CARMITA. ZONA DE EL GABRIEL;2207;0213;4;131;;;;;;N
20721;PEDRO RODRIGUEZ SANTANA;CARRETERA FAJARDO CUECA SUR;2411;0213;4;131;;200/81;24/04/1989;;;N
20722;DIONISIO SAN ROMAN;BATEY HABANA LIBRE;2204;0311;7;131;02414;ANAP;22/10/1979;;;N
20723;ALIANZA OBRERO CAMPESINA;BADIA. CARRETERA BATABANO GUIRA DE MELENA;2208;0213;4;131;;;;;;N
20724;GILBERTO LEON;CARRETERA SAN ANTONIO-RINCON;2208;0213;4;131;;;;;;N
20725;ANTERO REGALADO;FINCA CRISTAL. ENCRUCIJADA;2206;0213;4;131;;;;;;N
20726;AUGUSTO C. SANDINO;EL VALLE  CARRETERA SAN ANTONIO LA SALUD;2206;0213;4;131;;;;;;N
20727;AMISTAD CUBANO-BULGARA;ZONA LA QUINTA;2408;0213;4;131;03785;79/78;06/12/1978;;;N
20728;ROSA ELENA SIMEON;CALLE 84 Y FINAL LA ALEJANDRIA;2408;0213;4;131;03785;01/05;27/01/2005;;;N
21051;CAMILO CIENFUEGOS;NUEVO ORIENTE;2512;0110;1;658;14224;ACTA;23/08/1977;;;N
21052;ARTURO SUAREZ;LA DIANA CAI JAIME LOPEZ;2506;0110;1;658;14224;ACTA;12/01/1997;;;N
21053;MANUEL ASCUNCE;LA ISABEL;2507;0110;1;658;14224;ACTA;23/09/1977;;;N
21059;MANUEL ASCUNCE;BATEY PALESTIN CTRAL RENE FRAGA;2504;0110;1;658;14224;ACTA;19/01/1978;;;N
21060;CLOTILDE GARCIA;SAN JOSE DE LOS RAMOS;2504;0110;1;658;14224;ACTA;20/01/1978;;;N
21067;EUFEMIO ALVAREZ;BERMEJAS;2509;0213;4;131;13091;ACTA;27/09/1979;;;N
21068;GERARDO ALVAREZ;BATEY JIGUE SAN JOSE DE LOS RAMOS;2504;0110;1;658;14224;ACTA;28/06/1978;;;N
21070;GABRIEL VALIENTE;BATEY BRUFFAO;2513;0110;1;658;14224;ACTA;22/11/1997;;;N
21074;LA PLATA;FINCA LA ENTRADA;2511;0213;4;131;13084;ACTA;27/04/2006;;;N
21080;ANTERO REGALADO;FCA LA GUASIMA SAN JOSE DE LOS RAMOS;2504;0110;1;658;14224;ACTA;19/10/1981;;;N
21081;JESUS MONDEJAR;FINCA OCCITANIA;2513;0110;1;658;14224;ACTA;25/10/1979;;;N
21085;PABLO DE LA TORRIENTE;ZONA SANTOVENIA;2504;0110;1;658;14224;ACTA;27/12/1979;;;N
21086;EVELIO VALENZUELA;SAN JUAN CARLOS ROJAS;2506;0110;1;658;14224;ACTA;04/05/1981;;;N
21089;AUGUSTO OLIVARES;ZONA PONCE COLISEO;2506;0110;1;658;14224;ACTA;13/11/1979;;;N
21090;REVOLUCION DE OCTUBRE;ZONA INTREPIDO;2507;0110;1;658;14224;ACTA;11/03/1984;;;N
21091;ANDRES OLANO;ZONA CESPEDES;2512;0110;1;658;14224;ACTA;02/10/1980;;;N
21093;AUGUSTO CESAR SANDINO BAJA S/C 3T/04  ;21;2506;011000;;658;;;;;31/12/2003;N
21095;MANUEL SANTIAGO LEYVA;SAN FRANCISCO;2703;0110;1;658;14226;;11/07/1981;;;N
21096;VICTORIA DE GIRON;ZONA RANCHO DEL MEDIO;2501;0213;4;131;03488;ACTA;19/04/1980;;;N
21102;PORFIRIO CABRERA;BATEY SANTANA;2503;0110;1;658;14224;ACTA;15/05/1980;;;N
21106;CRUCERO AURORA;DOLORES JUNCO;2508;0311;7;131;13080;ACTA;23/09/1977;;;N
21107;MANUEL PITI FAJARDO;FINCA RESERVA;2513;0110;1;658;14224;ACTA;02/11/1980;;;N
21109;JUAN GUALBERTO GOMEZ;ZONA CONCEPCION SABANILLA;2509;0110;1;658;14224;ACTA;13/12/1980;;;N
21117;13 DE MARZO;LA PARGO CIDRA;2509;0213;4;131;13091;ACTA;12/03/1981;;;N
21119;JULIO ANTONIO MELLA;ZONA CENTRAL 6 DE AGOSTO;2512;0110;1;658;14224;ACTA;26/03/1981;;;N
21122;XX ANIVERSARIO DE LA ANAP;BISKAYA BASCULADOR DE MEXICO;2504;0110;1;658;14224;ACTA;08/05/1981;;;N
21123;JOSE MARTI;ZONA LOS SAEZ;2513;0110;1;658;14224;ACTA;09/05/1981;;;N
21126;VICTORIA DE GIRON;BATEY SANTA ANA;2513;0110;1;658;14224;ACTA;28/04/1979;;;N
21128;MARIO MUNOZ;JACAN;2513;0110;1;658;14224;ACTA;21/07/1981;;;N
21131;10 DE OCTUBRE;ZONA HABANA CTRAL MEXICO;2504;0110;1;658;14224;ACTA;10/10/1981;;;N
21132;DAGOBERTO ROJAS;CALLE MACEO 190 AMARILLAS;2512;0110;1;658;14224;ACTA;27/01/1982;;;N
21133;28 DE ENERO;AMARILLAS;2512;0110;1;658;14224;ACTA;08/10/1981;;;N
21136;SERGIO GONZALEZ;ZONA BANAGUISE;2504;0110;1;658;14224;ACTA;21/10/1981;;;N
21139;CAMILO CIENFUEGOS;ORBETA;2513;0311;7;131;14224;ACTA;18/10/1981;;;N
21140;V CONGRESO CAMPESINO;ZONA LAS CANAS ALACRANES;2509;0213;4;131;13091;ACTA;23/02/1970;;;N
21141;FERNANDO ALFONSO TORICE;PIO ALVAREZ FINAL MAXIMO GOMEZ;2505;0213;4;131;03489;ACTA;02/06/1982;;;N
21142;GABRIEL VALIENTE;ZONA GUAREIRA - RENE FRAGA;2504;0110;1;658;14224;ACTA;27/01/1982;;;N
21143;ALEXANDER STAMBOLIJSKI;MANGUITO CAI REYNOLD GARCIA;2512;0110;1;658;14224;ACTA;10/10/1981;;;N
21144;WILFREDO CABRERA;LAGUNILLA;2502;0311;7;131;13089;ACTA;17/01/1979;;;N
21145;ESTEBAN HERNANDEZ;BATEY CENTRAL ESTEBAN HERNANDEZ;2503;0110;1;658;14224;ACTA;29/04/1980;;;N
21150;VI CONGRESO CAMPESINO;ZONA DESENGANO;2504;0213;4;131;13079;ACTA;13/08/1982;;;N
21151;RAUL GONZALEZ;ZONA ZARABANDA;2512;0218;9;131;13083;ACTA;21/11/1982;;;N
21152;JOSE M. DUARTE;ZONA SAN JOSE DE LOS RAMOS;2504;0110;1;658;14224;ACTA;26/12/1982;;;N
21155;17 DE MAYO;ZONA MANATI-CABO;2507;0110;1;658;14224;ACTA;17/05/1983;RES NO.214/17;dic-17;N
21156;JOSE HIDALGO ABREU;ZONA SAN JOAQUIN;2502;0311;7;131;13089;ACTA;09/06/1983;;;N
21158;ANTONIO MACEO;ZONA SEMILLERO;2513;0110;1;658;14224;ACTA;24/09/1977;;;N
21159;26 DE JULIO;FINCA LA LUISA;2504;0110;1;658;14224;ACTA;12/10/1981;;;N
21160;AMISTAD CUBANO-MEJICANA;CARRETERA CHIRINO KM 1 VALLE DE YUMURI;2501;0311;7;131;03488;ACTA;28/03/1982;;;N
21162;HEROES DEL MONCADA;ZAYAS BOLONDRON;2507;0110;1;658;14224;ACTA;26/06/1984;;;N
21163;JESUS MENENDEZ;BATEY DOLORES CAMARIOCA;2502;0311;7;131;13089;ACTA;24/11/1997;;;N
21166;ANTONIO BERDAYES;FINCA SAN JOSE;2508;0311;7;131;13080;ACTA;14/11/1984;;;N
21167;RAMON MARTELL;FINCA LA JULIA;2508;0311;7;131;13080;ACTA;13/01/1985;;;N
21168;JOSE MARTI;ZONA BANAGUISE;2504;0110;1;658;14224;ACTA;16/01/1978;;;N
21171;FLOR DE CUBA;ZONA FLOR DE CUBA;2504;0110;1;658;14224;ACTA;17/10/1981;;;N
21172;8 DE MARZO;FCA PROGRESO SAN JOSE DE LOS RAMOS;2504;0110;1;658;14224;ACTA;08/03/1986;;;N
21174;ALBERTO DELGADO DELGADO;FINCA CUATRO CAMINO;2505;0213;4;131;03489;ACTA;09/02/1981;;;N
21178;ISRAEL CABRERA;FCA.STA.ROSA CAI JUAN AVILA;2509;0110;1;658;14224;ACTA;23/02/1980;;;N
21179;RAMON LOPEZ FLEITAS BAJA S/C 3T/04  ;21;2508;011000;;658;;;;;31/12/2003;N
21180;RENATO GUITART;FINCA LA PALMA SABANILLA;2509;0213;4;131;13091;ACTA;11/11/1977;;;N
21184;RUBEN GONZALEZ;INDEPENDENCIA NO.17 CABEZAS;2509;0213;4;131;13091;ACTA;05/05/1980;;;N
21185;ABEL SANTAMARIA;ZONA VALDIVIESO;2503;0311;7;131;03605;ACTA;19/05/1993;;;N
21187;MARIO MARTINEZ ARARA;FINCA EL CAFETAL;2508;0311;7;131;13080;ACTA;10/06/1981;;;N
21352;RUBEN MARTINEZ VILLENA;ZONA LA PIEDRA;2605;0215;3;131;13240;;;;;N
21357;CAMILO CIENFUEGOS;CALLEJON LOS PATOS;2609;0213;4;131;03497;;;;;N
21362;CARLOS MANUEL DE CESPEDES;ZONA DE GUINIA;2613;0215;3;131;03490;;;;;N
21363;GUERRILLERO HEROICO;ZONA CAICAJE FALCON;2608;0213;4;131;03617;;;;;N
21364;ANTERO REGALADO;ZONA MILLER PLACETAS;2608;0213;4;131;03617;;;;;N
21369;TRIUNFO DE LA REVOLUCION;ZONA SUAZO BAEZ;2608;0213;4;131;03617;;;;;N
21377;ANGEL BOMBINO AGUILA;ZONA JICALLA;2613;0214;2;131;03849;;;;;N
21396;GERONIMO VEITIA;ZONA RANCHUELITO;2613;0213;4;131;03490;;;;;N
21400;VICTORIA DE GIRON;ZONA LAS CRUCES;2601;0213;4;131;03611;;;;;N
21406;MARTIRES 8 DE ABRIL;ZONA SURI PRIMERA;2602;0110;1;658;02349;;;;;N
21408;17 DE MAYO BAJA S/C  ;21;2613;0218;;131;;;;;31/12/2003;N
21445;CAMILO CIENFUEGOS;ZONA SAN PABLO;2601;0213;4;131;03611;;;;;N
21451;JESUS MENENDEZ;ZONA AMPLIACION MARTI;2604;0110;1;658;02515;;;;;N
21453;MARIANA GRAJALES;CASCAJAL;2611;0311;7;131;03498;;;;;N
21467;II CONGRESO DEL PCC;ZONA PERUCHO;2604;0110;1;658;02515;;;;;N
21477;MARTIRES DEL MONCADA;ZONA TAHON ZULUETA;2607;0110;1;658;02445;;;;;N
21488;LUIS R GONZALEZ;ZONA SANTA LUTGARDA;2601;0311;7;131;03611;;;;;N
21492;AUGUSTO CESAR SANDINO;ZONA SABANILLA;2608;0110;1;658;02445;;;;;N
21493;MARTIRES DE ANGOLA;ZONA MARIA LUISA;2605;0110;1;658;02508;;;;;N
21498;FRANK PAIS;ZONA ALAMEDA;2607;0213;4;131;03496;;;;;N
21501;NICETO PEREZ GARCIA;ZONA MANACAS;2611;0110;1;658;02511;;;;;N
21508;OVIDIO RIVERO MORALES BAJA S/C 3T/06  ;21;2608;0218;;131;;;;;31/12/2003;N
21510;13 DE MARZO;ZONA TAGUAYABON;2605;0110;1;658;02508;;;;;N
21511;26 DE JULIO (BAJA S/C 02/  ) ;21;2605;011000;;658;;;;;31/12/2003;N
21512;OVIDIO RIVERO MORALES;ZONA MALEZA;2609;0213;4;131;03497;;;;;N
21513;BERNARDO DIAS GUERRA;ZONA TAJADORA;2610;0110;1;658;13116;;;;;N
21514;NICETO PEREZ;ZONA JINAGUAYABO;2607;0110;1;658;02445;;;;;N
21516;EDUARDO GARCIA;EL GIGANTE;2609;0213;4;131;03497;;;;;N
21520;JORGE DIMITROV;FINCA MAJAGUALITO BATEY PANCHITO GOMEZ TORO;2602;0110;1;658;02349;;;;;N
21528;DESEMBARCO DEL GRANMA BAJA S/C 3T/04  ;21;2613;0218;;131;;;;;31/12/2003;N
21533;DELFIN SEN CEDRE;BATEY JOSE RENE RIQUELME;2602;0110;1;658;02349;;;;;N
21534;LUIS LARA ALMEIDA BAJA S/C 1T/03 ;21;2613;0218;;131;;;;;31/12/2003;N
21535;26 DE JULIO BAJA S/C ;21;2609;0218;;131;;;;;31/12/2003;N
21536;MARTIRES DEL MONCADA;ZONA DOS HERMANAS;2604;0110;1;658;02446;;;;BAJA 2016;N
21538;1 DE ENERO;SANTA CLARITA;2601;0110;1;658;02514;;;;;N
21540;17 DE MAYO;ZONA CASA BLANCA;2605;0311;7;131;13240;;;;;N
21541;13 DE MARZO;ZONA EL PERICO;2604;0213;4;131;13239;;;;;N
21546;MARTIRES SANTO DOMINGO;ZONA JIQUIABO;2611;0311;7;131;03498;;;;;N
21547;REVOLUCION OCTUBRE;ZONA EL BOSQUE;2605;0215;3;131;13240;;;;;N
21548;NELSON VEITIA;ZONA MORDAZO;2611;0213;4;658;03498;;;;;N
21549;SABINO PUPO;ZONA GUAJABANA;2607;0311;7;131;03496;;;;;N
21551;CARLOS CONQUERO PERDOMO;ZONA EL PINERO;2610;0110;1;658;13116;;;;;N
21560;1 DE MAYO (BAJA S/C 02/  );21;2605;011000;;658;;;;;31/12/2003;N
21565;VI CONGRESO CAMPESINO BAJA S/C ;21;2613;0218;;131;;;;;31/12/2003;N
21570;ROBERTO RODRIGUEZ;ZONA PAVON;2605;0311;7;131;13240;;;;;N
21576;ALEXANDER ESTAMBOLLISKY;ZONA FIDENCIA;2608;0213;4;131;13114;;;;;N
21577;21 DE SEPTIEMBRE;ZONA COCO SOLO;2604;0213;4;131;13239;;;;;N
21579;NICETO PEREZ;ZONA LA CARIDAD;2612;0213;4;131;13115;;;;;N
21580;TRIUNFO DE LA REVOLUCION;ZONA SITIECITO;2603;0110;1;658;02509;;;;;N
21581;BATALLA DE SANTA CLARA;ZONA DE ANTON DIAZ;2609;0213;4;131;03497;;;;;N
21582;26 DE JULIO;ZONA LA RUBIA CARRETERA A SANTA CLARA K 2;2603;0110;1;658;02509;;;;;N
21585;XXX ANIV DEL MONCADA BAJA S/C  ;21;2610;0218;;131;;;;;31/12/2003;N
21586;MIGUEL ANGEL PEDROSO;ZONA TARAFA;2605;0311;7;131;13240;;;;;N
21588;VICTORIA DE GIRONBAJA S/C 3T/06  ;21;2610;011000;;658;;;;;31/12/2003;N
21590;ANDRES CUEVAS;ZONA SABANAS;2605;0311;7;131;13240;;;;;N
21591;ABEL SANTAMARIA;ZONA LAS BREAS;2605;0215;3;131;13240;;;;;N
21592;SABINO PUPO;ZONA EL FRASCO;2610;0110;1;658;02509;;;;;N
21594;21 DE SEPTIEMBRE;ZONA CUATRO CAMINOS;2601;0311;7;131;03611;;;;;N
21595;4 DE ABRIL;BATEY ABEL SANTAMARIA;2604;0110;1;658;02446;;;;;N
21596;AUGUSTO CESAR SANDINO;LA PALOMA;2612;0213;4;131;13115;;;;;N
21597;VICENTE TOMAS VELIZ;CARRETERA ENCRUCIJADA-EL SANTO KM 1;2604;0110;1;658;02446;;;;;N
21598;JULIO PINO MACHADO;VENTURILLA;2613;0215;3;131;03490;;;;;N
21600;TAURINO GALINDO;ZONA EL CONDE;2602;0110;1;658;02349;;;;;N
21604;JESUS MENENDEZ;FINCA PUNTA COLORADA;2613;0214;2;131;03849;;;;;N
21605;JULIO ANTONIO MELLA BAJA S/C ;21;2613;0218;;131;;;;;31/12/2003;N
21607;JESUS MENENDEZ;ZONA DEL CAI MARCELO SALADO;2606;0110;1;658;02445;;;;;N
21608;MARTIRES DE BARBADO;ZONA MANZANARES;2608;0213;4;131;03617;;;;;N
21609;GUERRILLERO HEROICO;REMATE ARIOSA;2607;0110;1;658;02445;;;;;N
21610;26 DE JULIO;ZONA BUENA VISTA;2607;0110;1;658;03496;;;;;N
21611;MARTIRES DEL MONCADA;ZONA AMARO;2611;0213;4;658;02440;;;;;N
21612;FIDEL CLARO;CARRETERA A BAEZ;2608;0215;3;131;13114;;;;;N
21613;VICTORIA DE GIRON;SAN AGUSTIN;2611;0110;1;658;02511;;;;;N
21614;HERMANOS CASTILLOS;ZONA LA CARIDAD;2601;0110;1;658;02514;;;;;N
21616;AGUEDO MORALES REINA;GRANJA AGROINDUSTRIAL HERMANOS AMEJEIRAS;2608;0110;1;658;02445;;;;;N
21617;RAFAEL SANTANA;EMPRESA AGROPECUARIA BENITO JUAREZ;2608;0213;4;131;13114;;;;;N
21618;ESTEBAN LOPEZ BAJA S/C ;21;2613;0218;;131;;;;;31/12/2003;N
21619;AMISTAD CUBA CHINA;CARRETERA DE MALEZA ZONA SAN GIL;2609;0110;1;658;02446;;;;;N
21620;NICETO PEREZ;ZONA VEGA DE PALMA;2605;0213;4;131;13240;;;;;N
21623;LAZARO CARDENAS;ZONA BAEZ;2608;0311;7;131;03617;;;;;N
21631;JULIO CASALES;FINCA LA EMILIA;2602;0110;1;658;02349;;;;;N
21661;26 DE JULIO;ZONA BATEY JOSE MARIA PEREZ;2605;0110;1;658;02508;;;;;N
21681;ANTONIO MACEO;ZONA LAS MARGARITAS;2609;0213;4;131;03497;;;;;N
21852;ANTONIO GOITIZOLO;LEQUEITO;2702;0110;1;658;14226;;16/04/1978;;;N
21855;8 DE OCTUBRE;FINCA EL JUNCO;2703;0110;1;658;14226;;25/12/1977;;;N
21861;VICTORIA DE GIRON;CUATRO VIENTOS;2706;0214;2;131;11622;;15/04/1978;;;N
21870;21 DE SEPTIEMBRE;PALMA LARGA;2701;0110;1;658;14226;;16/09/1979;;;N
21871;DESEMBARCO DEL GRANMA;CENTRAL MAL TIEMPO;2705;0213;4;131;13288;;13/12/1979;;;N
21878;19 DE ABRIL;HOYO DE PADILLA;2706;0214;2;131;11622;;19/04/1980;;;N
21882;26 DE JULIO;FINCA ENCARNACION;2708;0213;4;131;03501;;24/07/1980;;;N
21883;10 DE OCTUBRE;EL SOPAPO;2706;0214;2;131;11622;;06/10/1979;;;N
21886;17 DE MAYO;FINCA SANTA ROSA CHIQUITO;2703;0110;1;658;14226;;27/12/1980;;;N
21888;7 DE NOVIEMBRE;EL PENASCO;2705;0213;4;131;13288;;13/12/1980;;;N
21894;VICTORIA DE NICARAGUA;CEIBA HUECA;2704;0213;4;131;13066;;19/07/1981;;;N
21899;CONGRESO CAMPESINOS EN ARMAS;SAN BLAS;2706;0214;2;131;11622;;25/08/1981;;;N
21901;SALVADOR HERRERA SARMIENTO;JABACOA;2702;0110;1;658;14226;;10/10/1981;;;N
21903;26 DE JULIO;LAS MEDIDAS;2702;0110;1;658;14226;;11/11/1981;;;N
21904;RAUL DIAZ  ALONSO;ZONA RAMIREZ;2703;0110;1;658;14226;;11/11/1981;;;N
21905;24 DE FEBRERO;MALEZAS;2702;0110;1;658;14226;;27/02/1982;;;N
21906;JESUS MENENDEZ (BAJA S/C/  );21;2702;011000;;658;;;;;31/12/2003;N
21908;13 DE MARZO;EL TUNEL;2706;0311;7;131;03628;;14/03/1982;;;N
21909;MARIO CASTILLO;LA FURNIA;2706;0215;3;131;01579;;22/03/1982;;;N
21912;8 DE MARZO;EL PANTEON;2702;0213;4;131;3631;;27/03/1982;;;N
21918;ANTERO REGALADO;PRIMERO DE MAYO;2701;0110;1;658;14226;;25/12/1982;;;N
21923;CAMILO-CHE;EL NICHO;2706;0214;2;131;11622;;29/09/1983;;42430;N
21924;MARTIRES DEL MONCADA;POTRERILLO;2705;0110;1;658;14226;;20/10/1983;;;N
21926;MARTIRES DE BARBADOS;RANCHO LUNA;2707;0213;4;131;3504;;17/05/1984;;;N
21927;5 DE SEPTIEMBRE;CIMARRONES;2706;0214;2;131;11622;;31/08/1984;;;N
21929;ROMARICO CORDERO;PARAISO;2707;0213;4;131;3504;;03/09/1985;;;N
21930;PEDRO CRUZ;CRUCESITAS;2706;0214;2;131;11622;;20/11/1986;;;N
21931;28 DE ENERO;CARRETERA DE GIRON;2708;0213;4;131;03501;;05/02/1987;;;N
21932;RAMON LOPEZ SUAREZ;GUAYABALES;2701;0110;1;658;14226;;15/11/1988;;;N
21933;ABEL SANTAMARIA;LA YABA;2706;0311;7;131;03629;;08/12/1988;;;N
21936;NICARAGUA LIBRE;FINCA TANTEO;2702;0110;1;658;14226;;06/10/1989;;;N
21937;REVOLUCION DE OCTUBRE;EL COCAL;2701;0110;1;658;14226;;08/10/1989;;;N
21938;26 DE JULIO BAJA S/C ;21;2706;0218;;131;;;;;31/12/2003;N
22058;13 DE MARZO;SANTA RITA;2804;0215;3;131;03632;;30/05/1979;;;N
22061;1RO DE ENERO;NEIVA;2804;0110;1;658;14227;;01/06/1999;;;N
22064;OLIVERIO MARIN;LAS VEGAS DEL ARENAL;2806;0213;4;131;13187;;30/05/1979;;;N
22066;MARTIRES DE BOLIVIA;SIGUANEY;2803;0215;3;131;11194;;30/05/1979;;;N
22071;LA NUEVA UNION;LA HORMIGA;2805;0214;2;131;02528;;30/05/1979;;;N
22073;MARTIRES DE NEIVA;NEIVA;2804;0215;3;131;03632;;30/05/1979;;;N
22074;LA REFORMA;LA REFORMA;2802;0110;1;658;14227;;30/05/1979;;;N
22077;13 DE MARZO;LA PALOMA;2806;0213;4;131;13187;;30/05/1979;;;N
22079;VICTORIA DE GIRON;ALGARROBO;2806;0214;2;131;03847;;30/05/1979;;;N
22081;SIERRA DEL ESCAMBRAY;LA BIJA;2805;0215;3;131;02528;;30/05/1979;;;N
22084;DAGOBERTO VAZQUEZ PEREZ;EL JUCARO;2801;0311;7;131;13186;;30/09/1979;;;N
22085;FELICITO RODRIGUEZ;ZONA DE ALUNAO;2801;0311;7;131;13186;;30/09/1979;;;N
22088;26 DE JULIO BAJA S/C ;21;2802;0218;;131;;;;;31/12/2003;N
22091;ANGEL MONTEJO;CAMINO DE LAS CANAS;2807;0215;3;131;03639;;20/11/1979;;;N
22093;CONGRESO CAMPESINO EN ARMAS;MANZANILLO;2805;0213;4;131;02528;;20/11/1979;;;N
22095;1RO DE ENERO;SOPIMPA;2805;0215;3;131;02528;;20/11/1979;;;N
22103;RAFAEL RAMIREZ;PITAJONES;2806;0311;7;131;13187;;30/01/1980;;;N
22113;XXI ANIVERSARIO;POLO VIEJO;2806;0214;2;131;03847;;12/03/1980;;;N
22115;PEDRO MARIA RODRIGUEZ;LA REFORMA;2801;0213;3;131;03646;;22/05/1980;;;N
22117;BORIS LUIS SANTACOLOMA;LAJITAS;2802;0110;1;658;14227;;18/09/1980;;;N
22118;REINEL PAEZ;CENTENO;2801;0311;7;131;13186;;23/09/1980;;;N
22124;LIBERACION DE FOMENTO;ZONA SAN JOSE;2805;0215;3;131;02528;;29/11/1980;;;N
22126;CAMINOS DEL CHE;EL PEDRERO;2805;0214;2;131;02528;;29/11/1980;;;N
22127;MARTIRES DE NICARAGUA;ALFONSO;2805;0215;3;131;02528;;16/01/1980;;;N
22128;AGOSTHINO NETTO;JARAHUECA;2801;0311;7;131;13186;;02/01/1981;;;N
22129;MARTIRES DE NICARAGUA;CAMBAO;2801;0311;7;131;13186;;02/03/1981;;;N
22130;VICTORIA DE GIRON;LA GUANABANA;2805;0311;7;131;02528;;02/03/1981;;;N
22134;AUGUSTO CESAR SANDINO;SANTA CRUZ;2801;0311;7;131;13186;;23/06/1981;;;N
22136;EL VAQUERITO;IGUARA;2801;0311;7;131;13186;;17/08/1981;;;N
22145;1RO DE MAYO;MANAQUITA;2803;0311;7;131;11194;;12/03/1982;;;N
22146;NICETO PEREZ;SANTA RITA;2803;0215;3;131;11194;;14/04/1982;;;N
22150;6TO CONGRESO CAMPESINO;SAN MARCOS;2802;0311;7;131;13252;;24/05/1982;;;N
22154;FELIPE IZNAGA;LA PASTORA;2806;0311;7;131;13187;;05/10/1982;;;N
22158;PEDRO LANTIGUA;ALGABA CONDADO;2806;0213;4;131;13187;;05/10/1982;;;N
22159;FRANK PAIS GARCIA;KM3 CARRETERA BANAO A POJABO;2807;0213;4;131;03512;;29/11/1982;;;N
22160;JOSE ANTONIO ECHEVARRIA;ROLLETES;2802;0110;1;658;14227;;14/03/1983;;;N
22161;RAMON PUERTA PENA;BANAO;2807;0213;4;131;03512;;20/04/1983;;;N
22162;19 DE ABRIL;CAGUASAL;2805;0213;4;131;02528;;20/04/1983;;;N
22163;SERAFIN SANCHEZ;LA LARGA;2803;0215;3;131;11194;;03/05/1983;;;N
22165;ARAMIS PEREZ;EL TRONCON;2804;0215;3;131;03632;;22/09/1983;;;N
22166;10 DE OCTUBRE;SANTA LUCIA;2804;0215;3;131;03632;;22/09/1983;;;N
22168;XX ANIVERSARIO;ARROYO BLANCO;2802;0213;4;131;13252;;25/05/1984;;;N
22169;CENTENARIO DE BARAGUA;MAYAJIGUA;2801;0311;7;131;13186;;17/08/1981;;;N
22172;DESEMBARCO DEL GRANMA;LOS LIMPIOS;2803;0215;3;131;11194;;29/05/1986;;;N
22173;ABEL SANTAMARIA CUADRADO;LAS TOZAS;2807;0215;3;131;03639;;16/06/1986;;;N
22175;JESUS MENENDEZ;LA YAMAGUA;2803;0110;1;658;14227;;07/02/1987;;;N
22177;JUAN GONZALEZ;TRES PALMAS TOPES DE COLLANTES;2806;0214;2;131;03847;;12/02/1988;;;N
22179;ELCIRES PEREZ GONZALEZ;GUAYOS;2804;0110;1;658;14227;;19/02/1988;;;N
22180;MARTIRES DE GRANADA;LA MULATA;2803;0215;3;131;11194;;19/04/1988;;;N
22182;MARTIRES DE CABAIGUAN BAJA S/C ;21;2804;0218;;131;;;;;31/12/2003;N
22183;JUAN GONZALEZ;SANTA LUCIA;2804;0215;3;131;03632;;25/09/1989;;;N
22184;VICTORIA DE GIRON;VEGA DEL PASO;2804;0215;3;131;03632;;01/06/1999;;;N
22186;CAMILO CIENFUEGOS;MENESES;2807;0110;1;658;14227;;21/12/1990;;;N
22187;26 DE JULIO;EL PLANTEL;2803;0215;3;131;11194;;12/10/1982;;;N
22193;PATRIA O MUERTE;ENTRONQUE DE GUASIMAL;2807;0110;1;658;14227;;20/12/1996;;;N
22194;LA NUEVA CUBA;BATEY CPA LA YAMAGUA;2804;0215;3;131;03632;;09/02/1998;;;N
22195;CUBA NUEVA;FINCA EL GUIAJEN STA LUCIA;2804;0215;3;131;03632;;09/02/1998;;;N
22301;JESUS MENENDEZ;MACANILLAL;2901;0110;1;658;02462;ACTA;21/12/1978;;;N
22308;26 DE JULIO;PESQUERIA;2910;0213;4;131;03527;ACTA;22/07/1978;;;N
22311;JOSE LUIS TASSENDE;CARRETERA  A  PEONIA  KM. 6 1/2;2905;0110;1;658;14228;ACTA;03/04/1979;;;N
22318;MARTIRES DEL GRANMA;PEONIA;2905;0110;1;658;14228;ACTA;07/03/1998;;;N
22320;REVOLUCION DE ETIOPIA;SANTANA;2905;0110;1;658;14228;ACTA;12/05/1978;;;N
22322;IGNACIO AGRAMONTE;EL EDEN;2905;0110;1;658;14228;ACTA;23/12/1977;;;N
22323;SATURNINO ANEIRO;VILLA LIMON DULCE;2905;0110;1;658;14228;ACTA;21/10/1977;;;N
22338;RAMON DOMINGUEZ DE LA PENA;CARRETERA  JUCARO;2909;0110;1;658;14228;ACTA;29/12/1978;;;N
22339;JOSE ASCANIO PEREZ;JIQUIMAL;2910;0110;1;658;14228;ACTA;14/05/1979;;;N
22340;SABINO PUPO;BATEY IRENE;2910;0110;1;658;14228;ACTA;14/05/1979;;;N
22341;PAQUITO GONZALEZ;PESQUERIA;2910;0213;4;131;03527;ACTA;25/04/1979;;;N
22345;21 DE SEPTIEMBRE;GRUA NUEVA;2904;0110;1;658;14228;ACTA;24/07/1979;;;N
22351;HIPOLITO DELGADO;LA CADENA;2906;0213;4;131;01712;ACTA;28/09/1979;;;N
22354;CELSO HERNANDEZ;VEGUITAS;2901;0110;1;658;02462;ACTA;21/12/1979;;;N
22355;EFRAIN HURTADO;LA FIDELINA;2907;0213;4;131;02463;ACTA;21/11/1979;;;N
22357;DESEMBARCO DEL GRANMA;RANCHUELOS;2901;0110;1;658;02462;307/79;10/12/1979;;;N
22358;JOSE MARTI;CEBALLOS;2908;0216;6;131;03525;ACTA;26/12/1979;;;N
22367;MARTIRES DEL 9 DE ABRIL;CARRETERA DE VIOLETA KM 7 1/2;2910;0110;1;658;14228;ACTA;26/05/1980;;;N
22373;JUAN VALCARCEL BAJA S/C 3T/03  ;21;2909;999900;;131;;;;;31/12/2003;N
22375;EL VAQUERITO;LA ROSA;2902;0110;1;658;14228;ACTA;25/12/1977;;;N
22377;FELIPE TORRES TRUJILLO;CARRETERA  A  PEONIA;2905;0110;1;658;14228;ACTA;22/07/1980;;;N
22390;II CONGRESO BAJA S/C ;21;2907;0218;;131;;;;;31/12/2003;N
22393;NICARAGUA LIBRE;MARROQUI;2906;0213;4;131;01712;ACTA;17/05/1981;;;N
22395;TRIUNFO DE LA REVOLUCION;KM 13 CARRETERA MORON;2905;0110;1;658;14228;ACTA;16/05/1980;;;N
22397;BATALLA DE JIGUE;EL JIGUE;2908;0213;4;131;03658;ACTA;17/07/1981;;;N
22398;1RO DE  ENERO;CIUDAD DE LA JUVENTUD;2909;0213;4;131;03532;ACTA;28/12/1979;;;N
22399;ORLANDO GONZALEZ  RAMIREZ;SANTO TOMAS;2908;0311;7;131;03658;ACTA;17/05/1978;;;N
22400;17 DE MAYO;LA JULIA;2907;0213;4;131;02463;ACTA;17/05/1978;;;N
22401;NICARAGUA REVOLUCIONARIA;LOS NARANJOS;2905;0213;4;131;03528;403/81;06/11/1981;;;N
22402;EL VAQUERITO;EL ASIENTO;2909;0110;1;658;14228;ACTA;04/10/1981;;;N
22406;NICETO PEREZ;SAN ATANACIO;2906;0215;3;131;01712;ACTA;13/01/1982;;;N
22407;DELFIN LUIS PAZ;LA NENITA;2901;0311;7;131;11097;ACTA;14/01/1982;;;N
22408;ANIBAL MADRIGAL;EL PURIAL;2906;0213;4;131;01712;ACTA;26/07/1980;;;N
22409;NIEVES MONTANO;LA VICTORIA;2907;0110;1;658;14228;ACTA;15/02/1982;;;N
22410;EVELIO MARRERO;EL PILAR;2910;0110;1;658;14228;ACTA;12/02/1982;;;N
22411;MARTIRES DE CHAMBAS;CARRETERA CIRCUITO NORTE KM12,RANCHUELOS;2901;0110;1;658;02462;648/05;17/05/2005;;;N
22412;RAUL MARTINEZ;VICENTE;2908;0213;4;131;03528;ACTA;06/05/1983;;;N
22414;8 DE MARZO;EL 28;2904;0110;1;658;14228;ACTA;10/05/1982;;;N
22415;PANCHITO GOMEZ TORO;LOS HOYOS;2907;0110;1;658;14228;ACTA;30/12/1977;;;N
22417;REVOLUCION DE OCTUBRE;LA CLEMENTINA;2910;0213;4;131;03527;ACTA;06/07/1977;;;N
22419;GUILLERMO BENCOMO;CRUCERO DE GUAYACANES;2907;0311;7;131;02463;ACTA;11/12/1980;;;N
22420;ANTONIO PALACIOS;LIMONES PALMERO;2907;0213;4;131;02463;ACTA;09/05/1982;;;N
22423;ROBERTO CARVAJAL;LAS POJAS;2906;0215;3;131;01712;ACTA;15/10/1983;;;N
22426;1RO DE ENERO;LAGUNA LARGA;2904;0110;1;658;14228;ACTA;21/12/1977;;;N
22432;EMILIANO ZAPATA;FINCA MACHACA;2908;0218;9;131;03528;ACTA;03/10/1979;;;N
22434;PAQUITO ROSALES;EL CHILLANTE;2902;0213;4;131;03525;ACTA;29/12/1979;;;N
22435;ANGEL DEL CASTILLO;LAZARO LOPEZ;2908;0311;7;131;03658;ACTA;10/05/1980;;;N
22436;HECTOR DIAZ VALDEZ;POBLADO SANGUILY;2909;0213;4;131;03532;ACTA;25/10/1983;;;N
22437;MARTIRES DE BOLIVIA;LA LOMA;2903;0110;1;658;02533;ACTA;30/12/1978;;;N
22438;ENRIQUE VARONA;LA CAOBA;2902;0110;1;658;02461;ACTA;28/09/1980;;;N
22439;AMISTAD ENTRE LOS PUEBLOS DE CUBA Y CANADA;FINCA DOS HERMANAS;2902;0213;4;131;03525;ACTA;16/04/2002;;;N
22552;PEDRO LANTIGUA;ZONA LA SIRIA;3010;0110;7;131;03654;CERT;09/12/1977;;;N
22553;JOSE MARTI;ZONA LA JAGUA;3009;0212;5;131;03649;CERT;22/12/1977;;;N
22558;DESEMBARCO DEL GRANMA;ZONA DE 4 ESQUINAS;3013;0110;1;658;02466;CERT;20/09/1977;;;N
22561;PRIMERO DE ENERO;ZONA DE MANICARAGUA;3012;0110;1;658;02466;CERT;18/11/1977;;;N
22566;24 DE FEBRERO;ZONA DE LIMONES;3008;0311;7;131;03652;CERT;09/02/1978;;;N
22567;GILBERTO AGUILAR;ZONA DE AGUILAR;3010;0110;1;658;02466;CERT;15/02/1978;;;N
22568;CANDIDO GONZALEZ;ZONA DE GUANO ALTO;3010;0110;1;658;02466;CERT;16/02/1978;;;N
22569;26 DE JULIO;ZONA DE LA JAGUA;3009;0311;7;131;03649;CERT;01/08/1978;;;N
22571;XX ANIVERSARIO;MUNICIPIO VERTIENTES;3010;0212;5;131;03654;CERT;15/12/1979;;;N
22573;13 DE MARZO;CARRETERA PLAN ARROZ KM 2 1/2  LA POLLERA;3010;0212;5;131;03654;CERT;05/03/1979;;;N
22575;ALIANZA OBRERO CAMPESINA;ZONA LAS PIEDRAS;3010;0110;1;658;02467;CERT;12/05/1979;;;N
22578;MARTIRES DE CASCORRO;PERIFERIA DEL POBLADO DE CASCORRO;3006;0311;7;131;03647;CERT;13/07/1979;;;N
22579;VICTORIA DE GIRON;LA LIZA, ALTAGRACIA;3008;0311;7;131;03521;CERT;14/07/1979;;;N
22580;AUGUSTO CESAR SANDINO;ZONA EL PILAR;3012;0311;7;131;03653;CERT;19/07/1979;;;N
22590;GELACIO GUTIERREZ;JIQUI;3002;0110;1;658;02471;CERT;31/10/1979;;;N
22591;NICARAGUA LIBRE;EL 90;3004;0110;7;131;13158;CERT;31/10/1979;;;N
22600;ANTONIO BRIONES MONTOTO;LA VALLITA;3009;0311;7;131;03649;CERT;27/12/1979;;;N
22604;BATALLA DE SANTA CLARA;LA AURORA;3007;0311;7;131;03651;CERT;28/12/1979;;;N
22605;TRIUNFO DE LA REVOLUCION;LA VICTORIA;3006;0311;7;131;03647;CERT;28/12/1979;;;N
22606;ANTERO REGALADO;LOS CHARQUITOS;3009;0212;7;131;03649;CERT;30/12/1979;;;N
22608;PEPITO TEY;ZONA SANTA RUFINA;3012;0311;7;131;03653;CERT;20/04/1980;;;N
22615;JULIO ANTONIO MELLA;FLOR DE MAYO;3013;0110;1;658;02466;CERT;12/08/1980;;;N
22616;JESUS MENENDEZ;KIRCH;3001;0110;1;658;02388;CERT;13/08/1980;;;N
22617;JOAQUIN DE AGUERO;YAMAGUAL;3006;0311;7;131;03647;CERT;16/08/1980;;;N
22619;TOMAS ROJAS RODRIGUEZ;CAMINO DE MARAGUAN;3009;0311;7;131;03649;CERT;25/12/1979;;;N
22620;MARTIRES DE CAMAGUEY;EL VERTEDERO, CAMINO DE MARAGUAN;3008;0311;7;131;03652;CERT;13/11/1980;;;N
22623;7 DE DICIEMBRE;ZONA Km. 21;3006;0311;7;131;03647;CERT;24/12/1980;;;N
22624;JUANITO GARCEL;CAMALOTE;3005;0213;4;131;03877;CERT;30/12/1980;;;N
22625;JOSE ANTONIO ECHEVARRIA;LA CARIDAD;3002;0110;1;658;02471;CERT;23/02/1981;;;N
22628;JAVIER DE LA VEGA BASULTO;BLANQUIZAL;3006;0311;7;131;03647;CERT;14/05/1981;;;N
22629;MANUEL DE QUESADA LOYNAZ;GALBIS;3006;0311;7;131;03647;CERT;14/05/1981;;;N
22631;RAMON ALVAREZ;CONTRAMAESTRILLO;3011;0311;7;131;03821;CERT;25/07/1981;;;N
22632;ALZAMIENTO DE LAS CLAVELLINAS;LAS CUAVAS;3008;0311;7;131;03652;CERT;31/07/1981;;;N
22633;MARTIRES DE NICARAGUA;LA SIERRA;3007;0311;7;131;03651;CERT;20/08/1981;;;N
22635;CELIA SANCHEZ MANDULEY;PIEDRAS DE ZAYAS;3001;0110;1;658;02472;CERT;13/08/1981;;;N
22636;EDUARDO R. CHIBAS;LAS 500;3010;0110;1;658;02467;CERT;22/08/1981;;;N
22637;AMALIA SIMONI;LA YABA;3008;0311;7;131;03652;CERT;25/08/1981;;;N
22638;ANTONIO MACEO GRAJALES;EL BRAZO;3007;0110;1;658;01071;CERT;09/10/1981;;;N
22640;GUALBERTO GALVAN CERVANTES;5 PALMAS;3001;0110;1;658;02388;CERT;27/11/1981;;;N
22641;2 DE DICIEMBRE;TEJON;3010;0110;1;658;02467;CERT;02/12/1981;;;N
22644;RESCATE DE SANGUILY;SAN CAYETANO;3011;0110;7;131;03821;CERT;21/03/1982;;;N
22645;IGNACIO AGRAMONTE Y LOYNAZ;LAS MERCEDES;3004;0110;7;131;13158;CERT;22/03/1982;;;N
22647;HORACIO CUBIELLAS;BECERRA;3013;0110;1;658;02470;CERT;16/04/1982;;;N
22648;ARALIO HERNANDEZ;EL CARMEN;3004;0110;7;131;13158;CERT;26/04/1982;;;N
22650;JOSE GOMEZ CARDOSO;CASCORRO;3006;0311;7;131;03647;CERT;08/05/1982;;;N
22651;SALVADOR ALLENDE;LAS PIEDRAS;3012;0110;7;131;13159;CERT;08/05/1982;;;N
22652;FRANCISCO MENDOZA;LA CUPERTINA;3013;0110;7;131;13159;CERT;07/05/1982;;;N
22654;MARIANA GRAJALES;OJO DE AGUA;3007;0311;7;131;03651;CERT;05/07/1982;;;N
22655;GREGORIO LOPEZ DIAZ;LAS MERCEDES DE RENDENCION;3004;0110;7;131;13158;CERT;23/07/1982;;;N
22656;JOSE OQUENDO BAJA S/C;21;3013;011000;;658;;;;;31/12/2003;N
22657;BATALLA DE LA SACRA BAJA S/C 1T/03  ;21;3012;999900;;131;;;;;31/12/2003;N
22659;ARNALDO LOPEZ AVALO;LA CIEGA;3013;0110;1;658;02466;CERT;14/10/1982;;;N
22663;ANGEL DEL CASTILLO AGRAMONTE;LA COLUMNA;3006;0311;7;131;03647;CERT;25/10/1982;;;N
22664;REMIGIO RIVERON SANCHEZ;EL JAGUAL;3006;0311;7;131;03647;CERT;11/12/1982;;;N
22666;MIGUEL MACEO GRAJALES;EL RAMON;3006;0311;7;131;03647;CERT;22/12/1982;;;N
22667;ALBERTO DELGADO;EL SALADO;3005;0213;7;131;03877;CERT;29/12/1982;;;N
22670;8 DE MARZO;BARRUETO;3001;0213;4;131;13160;CERT;08/03/1983;;;N
22673;ROBERTO RODRIGUEZ;CIRCUNVALACION SUR;3008;0311;7;131;03652;CERT;17/05/1983;;;N
22674;GLODOBALDO HERNANDEZ LOPEZ;EL DESTINO;3004;0110;7;131;13158;CERT;11/08/1983;;;N
22675;CARLOS MARX;EL PLATANAL;3004;0110;7;131;13158;CERT;15/10/1983;;;N
22676;FEDERICO ENGELS;LAS PIEDRAS;3004;0110;7;131;13158;CERT;15/10/1983;;;N
22677;MARTIRES DE GRANADA;EL MAMBI;3009;0110;1;658;02344;CERT;27/12/1983;;;N
22679;XXV ANIVERSARIO DEL TRIUNFO DE LA REVOLUCION;LAS PARRAS;3009;0311;7;131;03649;CERT;23/07/1984;;;N
22680;BENITO VINALES;LA JOSEFITA;3002;0110;1;658;02471;CERT;27/09/1984;;;N
22682;RUTA INVASORA;EL CIMARRON;3009;0212;5;131;03649;CERT;25/12/1984;;;N
22683;JESUS SUAREZ GAYOL;SAN ANTONIO;3008;0311;7;131;03652;CERT;06/06/1985;;;N
22684;MARTIRES DE ESMERALDA;PERIFERIA DEL POBLADO DE ESMERALDA;3002;0110;1;658;02471;CERT;19/11/1979;;;N
22685;VII CONGRESO DEL ANAP;CAMALOTE, CARRETERA SANTA LUCIA;3005;0213;4;131;03877;CERT;13/04/1987;;;N
22686;COMBATE DE LOS NARANJOS;TACONES;3012;0311;7;131;03653;CERT;09/04/1987;;;N
22688;PAQUITO BORRERO BAJA S/C 1T/03 ;21;3008;999900;;131;;;;;31/12/2003;N
22689;JUAN PANTOJA MAYEDO;CARRETERA, LA PLAYA, CAMALOTE;3005;0213;4;131;03877;R321/99;07/08/1998;;;N
22693;JOSE RAMON SANCHEZ ARTILES;4 ESQUINAS;3013;0110;1;658;13159;CERT;18/07/1987;;;N
22695;MAXIMO GOMEZ BAEZ;CHAFARINA;3004;0110;7;131;13158;CERT;17/12/1979;;;N
22696;AMISTAD CUBANO POLACA;LA VALLITA;3008;0311;7;131;03652;CERT;27/08/1988;;;N
22697;RAFAEL MARTINEZ GOMEZ;LA LARGA;3012;0311;7;131;03653;CERT;25/10/1988;;;N
22698;14 DE JUNIO;HATO DEL POTRERO;3012;0311;7;131;03653;CERT;15/11/1988;;;N
22699;21 DE SEPTIEMBRE;CARRETERA SANTA CRUZ Km. 41 1/2;3012;0110;1;658;02466;CERT;20/09/1991;;marzo del 2016;N
22700;CARLOS DIAZ CERVANTES;CARRETERA DE LA PLAYA Km. 2, REPARTO LOS PINOS;3009;0311;7;131;03649;CERT;15/02/1989;;;N
22701;19 DE ABRIL;4 COMPANEROS;3013;0311;7;131;13159;;;RES NO. 495/2017;dic-17;N
22702;ABEL SANTA MARIA;PROLONGACION DE AVELLANEDA;3009;0110;1;658;02344;CERT;10/11/1993;;;N
22703;FRANK PAIS;PROLONGACION DE AVELLANEDA;3009;0110;1;658;02344;CERT;04/05/1994;;;N
22704;LA PIEDRA;LEYVA II CARRETERA LOS ANGELES;3010;0110;1;658;02467;;;;;N
22705;RUBEN MARTINEZ VILLENA;ZONA DE PLAYUELA;3009;0110;1;658;02472;CERT;12/06/1998;;;N
22706;SABINO PUPO MILIAN;CAMALOTE;3005;0213;4;131;03877;CERT;14/05/1962;;;N
22707;17 DE MAYO;CAMALOTE;3005;0213;4;131;03877;CERT;08/04/1999;;;N
22708;20 DE OCTUBRE;CAMALOTE;3005;0213;4;131;03877;CERT;08/04/1999;;;N
22709;VICTORIA DE GIRON;CAMALOTE;3005;0213;4;131;03877;CERT;08/04/1999;;;N
22913;SABINO PUPO;CANADA DE PALMA;3106;0212;4;131;13191;;;;;N
22917;RODOLFO RAMIREZ;EL PORTILLO;3108;0311;7;131;14233;;;;;N
22919;17 DE MAYO;LA YAYA;3103;0110;1;658;14233;;;;;N
22942;ANTONIO MACEO BAJA S/C ;21;3105;0218;;131;;;;;31/12/2003;N
22945;REYNALDO RODRIGUEZ;LA CANOA;3106;0213;4;131;13191;;;;;N
22947;FRANK PAIS;LA ESPERANZA;3104;0110;1;658;14233;;;;;N
22951;RAMIRO SANTIAGO;COLLADA;3101;0213;4;131;13190;;26/06/2012;;;N
22962;MELCHOR CORREOSO;LIBERTAD;3103;0110;1;658;14233;;;;;N
22963;LENINGRADO;CARRETERA JOBABO;3107;0110;1;658;14233;;;;;N
22968;FRUCTUOSO RODRIGUEZ;CARRETERA COLOMBIA-AMANCIO KM 18;3107;0110;1;658;14233;;;;;N
22969;RAMON NARANJO;MONTE GRANDE;3104;0110;1;658;14233;;;;;N
22970;JORGE DIMITROV;LA ESPIRITUANA;3108;0110;1;658;14233;;;;;N
22971;ASALTO AL POLVORIN;EL GRANERO;3102;0110;1;658;14233;;;;;N
22972;JOSE SANTIAGO ERCILLA;VILLA NUEVA;3105;0311;7;131;03535;;;;;N
22981;ABEL SANTAMARIA #6;SANTA MARIA #6;3103;0110;1;658;14233;;;;;N
22983;ELIGIO FONSECA POZO;POZO SALADO;3106;0213;4;131;13191;;;;;N
22986;16 DE ABRIL;LA MATILDE;3108;0110;1;658;14233;;;;;N
22987;VICTORIA DE GIRON;SANTO DOMINGO 1;3102;0110;1;658;14233;;;;;N
22989;SABINO PUPO #2;CERRO CAISIMU;3101;0110;1;658;13190;;;;;N
22992;WALDEMAR PENA;NARANJO;3102;0110;1;658;14233;;;;;N
22994;ASALTO AL MONCADA;LA GINEBRA;3102;0110;1;658;14233;;;;;N
22995;1RO MAYO;VELAZCO 23;3102;0110;1;658;14233;;;;;N
23004;VI CONGRESO CAMPESINO;CARRETERA JOBABO KM 1;3107;0110;1;658;14233;;;;;N
23006;SABINO PUPO #3;SAN MARTIN;3103;0110;1;658;14233;;;;;N
23007;26 DE JULIO;KM 15;3108;0311;7;131;03673;;;;;N
23010;GRANADA LIBRE BAJA S/C ;21;3106;011000;;658;;;;;31/12/2003;N
23011;CONRADO BENITEZ;CARRETERA AMANCIO KM 21;3107;0213;4;131;03661;;;;;N
23013;ALIANZA OBRERA CAMPESINA;KM 15;3108;0213;4;131;03673;;;;;N
23019;24 DE FEBRERO #2;24 DE FEBRERO;3103;0213;4;131;13210;;;;;N
23020;RENE GUZMAN #2;SAN AGUSTIN;3103;0110;1;658;14233;;;;;N
23023;CALIXTO SARDUY;BECERRA;3105;0311;7;131;03535;;;;;N
23024;NICARAGUA LIBRE;SAN ANTONIO;3106;0314;7;131;13191;;;;;N
23025;ROBERTO REYES;KM 18;3108;0311;7;131;03673;;;;;N
23031;JUAN EVANGELISTA ESPINOSA;LA ROSA;3105;0311;7;131;03535;;;;;N
23032;LIZARDO PROENZA;POZO BLANCO;3103;0213;4;131;13210;;;;;N
23034;MELANIO ORTIZ;EL NISPERO;3106;0311;7;131;13191;;;;;N
23037;RAMON LOPEZ PEñA;RPTO MILITAR;3102;0213;4;131;03538;;;;;N
23038;JULIO DIAZ NARANJO;POBLADO DE VIVIENDA;3104;0110;1;658;14233;;;;;N
23039;MANUEL CORDERO;CAMINO AL BLEO;3104;0311;7;131;03789;;;;;N
23040;21 DE SEPTIEMBRE;EL YAREY;3102;0110;1;658;14233;;;;;N
23041;JUSTO BRUZON;SACA TIERRA;3103;0110;1;658;14233;;;;;N
23043;JUAN CANINO;KM 14;3108;0311;7;131;03673;;;;;N
23044;1RO DE ENERO;SABANILLA;3104;0311;7;131;03789;;;;;N
23045;MANUEL A. ESPINOSA BAJA S/C  ;21;3105;0218;;131;;;;;31/12/2003;N
23046;PERUCHO FIGUEREDO #2;KM 6;3108;0311;7;131;03673;;;;;N
23047;GABRIEL VALIENTE;VEDADO #3;3103;0110;1;658;14233;;;;;N
23156;ALVARO FERNANDEZ;EL CERRO DE UNAS;3201;0213;4;131;03678;;20/02/1978;;;N
23166;JOSE M. RODRIGUEZ;EL PITAL;3201;0213;4;131;03678;;21/07/1978;;;N
23169;NICETO PEREZ;CABECETO;3207;0311;7;131;;03677;;;13/10/1978;;;N
23178;ROMARICO CORDERO;CANADA DE MELONES;3201;0213;4;131;03678;;20/04/1979;;;N
23181;1RO. DE MAYO;REJONDONES;3205;0110;1;658;14230;;28/04/1978;;;N
23185;ANTONIO MACEO;BIJARU;3205;0213;4;131;3546;;08/06/1979;;;N
23186;FRANK PAIS;CEUTA;3205;0311;7;131;3546;;09/06/1979;;;N
23192;RUBERLANDO PEREZ;CUATRO CAMINOS;3207;0213;4;131;;03677;;;29/06/1979;;;N
23193;AUGUSTO CESAR SANDINO;ARROYO SECO;3201;0213;4;131;03678;;01/07/1979;;;N
23196;LAUDINO LOPEZ;LA FLORIDA, LA YURAGUANA;3206;0311;7;131;12987;;30/06/1979;;;N
23207;CALIXTO GARCIA;LOMA DEL MUERTO;3207;0213;4;131;;03677;;;27/09/1979;;;N
23217;AUGUSTO CESAR;CALLE FINAL;3208;0110;1;658;14230;;28/12/1979;;;N
23218;PEPITO TEY;LAS CALABAZAS;3207;0213;4;131;;03677;;;28/12/1979;;;N
23221;DESEMBARCO DEL GRANMA;LAS CALABAZAS;3213;0214;2;131;11174;;27/12/1979;;;N
23230;MANUEL FAJARDO;BARIAY;3202;0311;7;131;4075;;18/12/1979;;;N
23236;OFELIO CABALLERO;EL NISPERO;3209;0110;1;658;14230;;07/02/1980;;;N
23245;4 DE ABRIL;AGUADA DE LOS MARINOS, VELAZCO;3201;0213;4;131;03678;;09/04/1980;;;N
23249;ABEL SANTA MARIA;EL CLARITO;3205;0213;4;131;3546;;16/04/1980;;;N
23250;VICTORIA DE GIRON;JAGUEYES DE LA JITA;3203;0213;4;131;13213;;20/04/1980;;;N
23254;17 DE MAYO;LOS GUIROS;3201;0213;4;131;03678;;17/05/1980;;;N
23260;ABEL SANTAMARIA;LOS QUINTO;3209;0110;1;658;14230;;04/07/1980;;;N
23265;SEGUIDORES DEL CHE;LA CRIOLLA;3213;0214;2;131;11174;;04/09/1980;;;N
23266;RAFAEL MACEO;CANAMAZO;3213;0214;2;131;11174;;07/09/1980;;;N
23274;ANTONIO MACEO;SANTA TERESA;3208;0110;1;658;14230;;08/10/1980;;;N
23276;JESUS FELIU LEYVA;LA AGRARIA;3208;0110;1;658;14230;;25/11/1980;;;N
23283;JESUS MENENDEZ;BATEY NUEVO, FLORA;3209;0110;1;658;14230;;03/12/1980;;;N
23285;2 DE ABRIL;SANTA RITA;3205;0311;7;131;3546;;06/12/1980;;;N
23295;FABIO DELGADO;LIMONES;3201;0213;4;131;03678;;08/05/1981;;;N
23300;LOYNAZ HECHEVARRIA;BARAJAGUA;3210;0110;1;658;14230;;04/06/1981;;;N
23304;26 DE JULIO;SAN GERONIMO;3205;0110;1;658;14230;;25/07/1981;;;N
23309;PEDRO SOTO ALBA;YAMAGUAL Y LAS ANIMAS;3213;0214;2;131;11174;;29/07/1981;;;N
23313;RENATO GALVAN;SAN JUAN Y EL COCO;3213;0214;2;131;11174;;28/07/1981;;;N
23315;CRISTINO NARANJO;JAGUEYES;3207;0311;7;131;;03677;;;22/07/1981;;;N
23316;LUZ DE LA PATRIA;LAS CUEVAS;3211;0214;2;131;04325;;19/09/1981;;;N
23318;PABLO H. SUAREZ;LA PALMA R.;3202;0311;7;131;4075;;31/10/1981;;;N
23319;JOSE A. HECHAVARRIA BAJA S/C ;21;3205;011000;;658;;;;;31/12/2003;N
23321;1RO. DE ENERO;AGUACATE;3212;0213;4;131;13298;;17/11/1981;;;N
23334;RENATO GUITAR;NARANJO AGRIO;3213;0214;2;131;11174;;21/04/1982;;;N
23336;1RO. DE MAYO;LOS CHIVOS;3213;0213;4;131;11174;;25/04/1982;;;N
23338;JUANA BRUNET;LA AYUITA;3213;0214;2;131;11174;;27/04/1982;;;N
23340;CONRADO BENITEZ;GRANADILLO;3213;0214;2;131;11174;;29/04/1982;;;N
23345;SABINO PUPO;PEDREGOSO;3201;0213;4;131;03678;;08/05/1982;;;N
23348;VI CONGRESO DE LA ANAP (BAJA S/C 02/02) ;21;3201;999900;;131;;;;;31/12/2003;N
23352;IGNACIO AGRAMONTE;GUARAMANAO;3207;0213;4;131;;03677;;;05/06/1982;;;N
23354;CELIA SANCHEZ MANDULEY;AMASABO;3206;0213;4;131;13215;;12/06/1982;;;N
23358;14 DE JUNIO  BAJA S/C 2T/03  ;21;3209;011000;;658;;;;;31/12/2003;N
23359;NERIO HIDALGO;LOS NOVILLOS;3205;0311;7;131;3546;;19/06/1982;;;N
23362;ROMARICO CORDERO BAJA S/C ;21;3205;011000;;658;;;;;31/12/2003;N
23366;WALFRIDO BETANCOURT;OCHOA;3203;0213;4;131;3675;;27/06/1982;;;N
23370;26 DE JULIO;SANTA ELENA, SAN ANDRES;3206;0213;4;131;13215;;08/07/1982;;;N
23373;ARTEMIO MASTRAPA;PURNIO;3206;0311;7;131;13215;;11/07/1982;;;N
23375;ISRAEL PEREZ MADRIGAL;LA SIERRA;3202;0213;4;131;4075;;14/07/1982;;;N
23383;HEROES DEL MONCADA;DAMIAN;3206;0213;4;131;13215;;24/07/1982;;;N
23384;RAUL ORTIZ;ALTAMIRA;3205;0311;7;131;3546;;24/07/1982;;;N
23387;LIZARDO PROENZA;POTRERILLO;3202;0311;7;131;4075;;20/07/1982;;;N
23390;ANDRES LEYVA;LA ANGUILA;3206;0213;4;131;13215;;10/08/1982;;;N
23391;13 DE AGOSTO;MONTE ALTO;3207;0311;7;131;;03677;;;12/08/1982;;;N
23393;CONGRESO CAMPESINO EN ARMAS;MONTE FRIO;3209;0110;1;658;14230;;06/08/1992;;;N
23394;10 DE OCTUBRE;JESUS MARIA;3208;0311;7;131;13212;;12/08/1982;;;N
23395;MANUEL VELAZQUEZ;LA CUCHILLA;3209;0213;4;131;3683;;12/08/1982;;;N
23397;LIZARDO PROENZA;EL JOBAL;3201;0311;7;131;03678;;27/09/1982;;;N
23399;10 DE OCTUBRE;BAYAME;3205;0110;1;658;14230;;16/10/1982;;;N
23402;FERNANDO FLORES;RETRETO;3203;0311;7;131;3675;;06/11/1982;;;N
23406;MARTIRES DEL MONCADA;CUATRO CAMINOS Y LOMA DEL CUE;3201;0213;4;131;03678;;14/03/1983;;;N
23408;SABINO PUPO;MICARA;3212;0213;4;131;13298;;20/03/1983;;;N
23412;21 DE SEPTIEMBRE;COLUNGA Y CUATRO VEREDAS;3211;0214;2;131;04325;;01/08/1983;;;N
23413;TANIA LA GUERRILLERA;EL SITIO;3213;0214;2;131;11174;;13/08/1983;;;N
23414;BLAS SOLER;EL COCO;3206;0213;4;131;13215;;08/12/1983;;;N
23415;MARTIRES DEL CORINTHIA;CABONICO;3211;0216;6;131;13214;;09/12/1982;;;N
23417;17 DE MAYO;LA MACAGUA, MAYABE;3206;0213;4;131;13215;;28/02/1984;;;N
23418;EDDY SUNOL;LAS CRUCES DE PURNIO;3206;0213;4;131;13215;;27/03/1984;;;N
23420;LOYNAZ HECHAVARRIA BAJA S/C  ;21;3202;011000;;658;;;;;31/12/2003;N
23424;JUAN LEON DIAZ;SAN ANDRES;3213;0214;2;131;11174;;14/04/1984;;;N
23426;WILLIAM AGUILERA;SAN ANDRES;3206;0213;4;131;13215;;17/05/1984;;;N
23433;CELIA SANCHEZ MANDULEY BAJA S/C COOP 4/02 ;21;3213;0218;;131;;;;;31/12/2003;N
23434;CAMILO CIENFUEGOS;LOS GUAS;3213;0214;2;131;11174;;02/07/1986;;;N
23436;EMISAEL PANEQUE OSORIO;LA CUABA;3206;0213;4;131;13215;;05/08/1986;;;N
23437;MANUEL DIONISIO GARCIA;MELONES;3202;0311;7;131;4075;;05/08/1986;;;N
23438;NICETO PEREZ;EL PROGRESO;3213;0214;2;131;11174;;13/08/1986;;;N
23441;JUAN JOSE FORNET PINA;JAGUEYES;3202;0213;4;131;4075;;17/09/1986;;;N
23442;ABEL SANTA MARIA;UNAS;3201;0213;4;131;03678;;19/09/1986;;;N
23443;CAMILO CIENFUEGOS;CALLE CAMILO CIENFUEGOS S/N, UNAS;3201;0213;4;131;03678;;19/09/1986;;;N
23444;SERAFIN GARCIA;SABANILLA NO. 2;3201;0213;4;131;03678;;23/09/1986;;;N
23445;AURELIO RIVAS;REALENGO;3201;0213;4;131;03678;;23/09/1986;;;N
23446;CONGRESO CAMPESINO EN ARMAS;MAYORQUIN;3201;0213;4;131;03678;;26/09/1986;;;N
23447;JOSE RODRIGUEZ SOLARANA;BLANQUIZAL;3201;0213;4;131;03678;;26/09/1986;;;N
23448;OTTO PARELLADA;EL JOBAL;3201;0311;7;131;03678;;28/09/1986;;;N
23449;ISACC HERNANDEZ;PALMARITO;3207;0213;4;131;;03677;;;04/10/1986;;;N
23450;MANUEL CORDERO;SAN AGUSTIN;3207;0311;7;131;;03677;;;04/10/1986;;;N
23451;RENE AVILA REYES;GIBARA KM 5 1/2 AGUAS CLARAS;3206;0311;7;131;13215;;16/10/1986;;;N
23452;PEDRO SOTO ALBA;ALMIRANTE;3206;0213;4;131;13215;;16/10/1986;;;N
23453;RAFAEL PEREZ GARCIA;LA JANATA;3207;0213;4;131;;03677;;;18/10/1986;;;N
23459;JOSE MANUEL RICARDO;CANADON;3203;0213;4;131;3675;;11/02/1987;;;N
23460;17 DE MAYO;SAMA;3203;0213;4;131;3675;;11/02/1987;;;N
23464;MARCOS CAMPANA;CORRALITO;3202;0311;7;131;4075;;23/04/1987;;;N
23465;ANTONIO MACEO;LA JATIA;3202;0311;7;131;4075;;28/04/1987;;;N
23466;REVOLUCION DE OCTUBRE;JUAN VICENTE;3211;0311;7;131;13214;;18/04/1987;;;N
23475;RAUL GARCES;EL GUABINO;3206;0311;7;131;13215;;02/02/1988;;;N
23480;WALTER MULET;CRUCE DE SAN ANDRES;3206;0213;4;131;13215;;21/12/1988;;;N
23481;26 DE JULIO;FLORES;3203;0110;1;658;14230;;28/12/1988;;;N
23483;RUBEN VAZQUEZ BAJA S/C 2T/03 ;21;3211;0218;;131;;;;;31/12/2003;N
23484;II FRENTE ORIENTAL FRANK PAIS;EL PILON;3211;0311;7;131;13214;;28/12/1988;;;N
23486;NICETO PEREZ BAJA S/C;21;3201;999900;;131;;;;;31/12/2003;N
23487;26 DE JULIO;LAS CASIMBAS;3207;0213;4;131;;03677;;;24/11/1989;;;N
23488;VICTORIA DE GIRON;PUNTO FIJO;3202;0213;4;131;4075;;23/10/1986;;;N
23489;MARIANA GRAJALES COELLO;LA VEGA, SAN ANDRES;3206;0213;4;131;13215;;02/08/1982;;;N
23490;MARCOS CAMPANA;VEGUITA, SAO ARRIBA;3206;0311;7;131;13215;;24/04/1985;;;N
23491;JOSE RAUL PEREZ MENDEZ;LAS MANTECAS;3207;0311;7;131;;03677;;;10/06/1987;;;N
23502;GUILLERMON MONCADA;SAN RAMON;3207;0213;4;131;;03677;;;24/07/1996;;;N
23503;JUAN MANUEL MARQUEZ;GUAYABO;3207;0311;7;131;;03677;;;25/12/1998;;;N
23504;ANTONIO MACEO GRAJALES;LOS PINOS, FLORO PEREZ;3201;0311;7;131;03678;;29/03/2002;;;N
23651;ROMARICO CORDERO;LA CARIDAD DEL SITIO;3209;0110;1;658;14230;;20/06/1982;;;N
23652;JOSE ANTONIO HECHAVARRIA;SANTA CRUZ;3209;0110;1;658;14230;;20/11/1981;;;N
23754;AMISTAD CUBA-MEXICO;CAUTO EL PASO;3301;0110;1;658;14231;;;;;N
23758;CAMILO CIENFUEGOS;LAS MAYITA;3301;0110;1;658;14231;;;;;N
23761;RAFAEL URQUIZA GUERRERO;TUNAS DE GUAJACABOS;3301;0212;5;131;11128;;;;;N
23762;MANUEL FAJARDO;BARRIO DE GUAMO;3301;0213;4;131;14046;;;;;N
23763;BORIS LUIS SANTA COLOMA;SAN RAFAEL;3301;0110;1;658;14231;;;;;N
23764;CLEMENTE ESPINOSA MUNOZ;MALACO;3301;0212;5;131;11128;;;;;N
23771;RAMON RAMOS BARRERO;ZAPATERO;3302;0213;4;131;03549;;11/04/1982;;;N
23775;ISRAEL OLIVA;BABINEY;3302;0311;7;131;03690;;09/07/1982;;;N
23777;ROMARICO CORDERO;EL SALVIAL;3302;0213;4;131;03549;;16/07/1983;;;N
23779;CARLOS BASTIDA ARGUELLES;CAUTO CRISTO;3302;0213;4;131;03549;;09/11/1984;;;N
23799;17 DE MAYO;CUATRO CAMINOS;3303;0215;3;131;01715;;14/12/1992;;;N
23800;GERARDO PEREZ;TASAJERA;3303;0311;7;131;03693;;30/03/1982;;;N
23813;16 DE ABRIL (BAJA S/C 02/02) ;21;3304;011000;;658;;;;;31/12/2003;N
23814;XX ANIVERSARIO DE LA U.J.C;HORNO CAL;3304;0311;7;131;03686;;;;;N
23819;ATAQUE AL CUARTEL CARLOS MANUEL DE CESPEDES;CAONAO;3305;0213;4;131;03798;;22/07/1978;;;N
23820;MARTIRES DEL MONCADA;PIEDRA DE CAONAO;3305;0213;4;131;03798;0201/77;09/08/1977;;;N
23825;RENE VALLEJOS;CALAMBROSIO;3305;0212;5;131;03841;3837/82;15/08/1982;;;N
23826;VI CONGRESO CAMPESINO;COBOA;3305;0212;5;131;03841;0130/82;08/07/1982;;;N
23831;17 DE MAYO;GUASIMILLA;3305;0212;5;131;03841;3381/82;11/10/1982;;;N
23833;VII CONGRESO DE LA ANAP;LA HERRADURA;3305;0110;1;658;14231;0196/87;03/01/1987;;;N
23843;GRITO DE BAYATE;CAYO ESPINO LIMONES;3306;0213;4;131;13223;;11/04/1982;;;N
23844;OMAR RIVERO FONSECA;EL UVERO;3306;0110;1;658;14231;;12/07/1980;;;N
23845;SIERRA MAESTRA;LA VIAJACA Y CAYO ESPINO;3306;0311;7;131;13223;2736/85;29/10/1985;;;N
23855;24 DE FEBRERO;OJO DE AGUA;3307;0110;1;658;14231;;;;;N
23856;NICARAGUA LIBRE;GUA;3307;0213;4;131;03749;;07/04/1982;;;N
23857;JESUS MENENDEZ;SANTA ROSA;3307;0110;1;658;14231;;;;;N
23861;DALCIO GUTIERREZ ACOSTA BAJA S/C ;21;3307;999900;;131;;;;;31/12/2003;N
23863;MIGUEL ESPINOSA;CIENAGUILLA;3307;0311;7;131;03749;1138/02;02/05/2002;;;N
23867;HERMANOS ACUNA;EL ROBLE;3308;0213;4;131;14044;;06/12/1978;;;N
23869;ELADIO BULLAIN;PUNTO NUEVO;3308;0213;4;131;14044;;15/11/1979;;;N
23871;17 DE MAYO;LA FORTALEZA;3308;0311;7;131;14044;;14/08/1980;;;N
23872;JUAN VITALIO ACUNA;LA GUANABANA;3308;0311;7;131;14044;;26/04/1981;;;N
23874;VI CONGRESO CAMPESINO;RANCHO VIEJO;3308;0213;4;131;14044;;11/05/1982;;;N
23875;EDUARDO ATENCIO;MARCANO;3308;0311;7;131;14044;;23/05/1982;;;N
23876;AURELIO ESCALONA;DOS BOCA DE CARDERO;3308;0311;7;131;14044;;23/10/1983;;;N
23892;VI CONGRESO CAMPESINO;PILONCITO;3309;0110;1;658;14231;;;;;N
23893;NICETO PEREZ GARCIA;SEVILLA ABAJO;3309;0110;1;658;14231;;;;;N
23895;2 DE DICIEMBRE;LA BOTA;3309;0213;4;131;03550;0968/87;11/10/1987;;;N
23896;DESEMBARCO DEL GRANMA;EL HONDON;3309;0110;1;658;14231;;;;;N
23905;CELIA SANCHEZ MANDULEY;LAS MANTECAS;3310;0311;7;131;14045;;19/03/1981;;;N
23906;MARTIRES DE SEVILLA;SEVILLA;3310;0213;4;131;14045;;11/04/1982;;;N
23908;MARIA DEL PILAR ATENCIO;LA PIEDRA;3310;0311;7;131;14045;0485/87;27/06/1987;;;N
23909;14 DE JUNIO;LOS CORRALES;3310;0311;7;131;14045;0105/91;18/03/1991;;;N
23910;ANTONIO NICO LOPEZ;OJO DEL TORO;3310;0311;7;131;14045;0146/89;13/02/1989;;;N
23915;FRANCISCO CABRERA;EL CACAO;3311;0214;2;131;11175;;;;;N
23917;RENE RAMOS LATOUR;SAO GRANDE;3311;0311;7;131;11175;;;;;N
23919;FAUSTINO NUNEZ ALARCON;EL PALO;3311;0311;7;131;11175;;;;;N
23922;MANUEL FAJARDO RIVERO;SANTANA DE NAGUA;3311;0214;2;131;11175;;;;;N
23923;IGNACIO LOYOLA POPA;SABANA LARGA;3311;0213;4;658;14231;;;;;N
23925;FRANCISCO RIVERO;LA MIEL BRAZO CHIQUITO;3311;0214;2;131;11175;;;;;N
23927;RAMON PAZ BORROTO;PROVIDENCIA;3311;0214;2;131;11175;;;;;N
23928;DESEMBARCO DEL GRANMA;LA HABANITA PINONAL;3311;0214;2;131;11175;;;;;N
23929;BATALLA DE SANTO DOMINGO;SANTO DOMINGO;3311;0214;2;131;11175;;;;;N
23933;LIDIA DOCE;SAN PABLO DE YAO;3312;0311;7;131;11176;;12/12/1979;;;N
23935;ROBERTO REYES REYES;EL MACIO;3312;0214;2;131;11176;;30/12/1979;;;N
23939;MARTIRES DE BARBADOS;ARROYON DE BARCELONA;3312;0214;2;131;11176;;25/04/1981;;;N
23943;MISAEL ROBLEJO;RAMIREZ;3312;0214;2;131;11176;;12/01/1982;;;N
23946;ANGEL VERDECIA MORENO;SAN ANTONIO;3312;0214;2;131;11176;;05/07/1982;;;N
23948;CONGRESO CAMPESINO EN ARMAS;CUARTON TROZO SOLO;3313;0214;2;131;11177;;27/09/1979;;;N
23949;ANTONIO MACEO;SOLEDAD;3313;0213;4;131;11177;;24/03/1978;;;N
23954;EMILIANO REYES;MAJAGUALON;3313;0214;2;131;11177;;;;;N
23958;CELIA SANCHEZ MANDULEY;PALMA DEL PERRO;3313;0214;2;131;11177;;;;;N
23960;TAMARA BUNKE;LA PLATA;3313;0214;2;131;11177;;;;;N
23962;MARTIRES DE BARBADOS;HABANA DE BUENA VISTA;3313;0214;2;131;11177;;;;;N
23964;ABEL SANTAMARIA CUADRADO;GUAMA;3313;0214;2;131;11177;;;;;N
23966;DOMINGO HERNANDEZ;EL PLATANO;3313;0214;2;131;11177;;;;;N
23967;PEDRO POMPA;LA FERIA;3313;0214;2;131;11177;;;;;N
23969;MARTIN ARGOTE PITA;EL ORO;3313;0214;2;131;11177;;;;;N
23970;26 DE JULIO;PINONAL;3311;0214;2;131;11175;;;;;N
23971;LUIS RAMIREZ LOPEZ;LOS HORNEROS;3313;0214;2;131;11177;;;;;N
23972;MARTIRES DE GIRON;SANTA URSULA;3313;0214;2;131;11177;;;;;N
23974;SABINO PUPO;BAYAMITO;3313;0214;2;131;11177;;;;;N
23975;SERGIO GONZALEZ;SAN LORENZO;3311;0214;2;131;11175;;;;;N
23980;PABLO DE LA TORRIENTE BRAU;LOS NUMEROS;3313;0214;2;131;11177;;;;;N
23981;LAZARO PENA;EL RAUDAL;3313;0214;2;131;11177;;;;;N
23983;FRANK PAIS;MAGUARO;3312;0214;2;131;11176;;05/07/1982;;;N
23989;MAXIMO GOMEZ;CARRETERA DE MABAY KM 3.5 LA MAGDALENA;3304;0311;7;131;03686;;;;;N
23991;DESEMBARCO DEL GRANMA;VICTORINO;3313;0214;2;131;11177;;;;;N
23992;CELIA SANCHEZ MANDULEY;SAN LORENZO;3304;0213;4;131;03686;0587/02;02/04/2002;;;N
23993;RENE MUNOZ;MANCABO;3304;0311;7;131;03686;;;;;N
23998;PERUCHO FIGUEREDO;CURAO MENENDEZ;3304;0212;5;131;03841;;;;;N
24001;1ER SOVIET DE AMERICA;LA TERESA;3304;0110;1;658;14231;;;;;N
24002;PEPITO TEY;PURGATORIO;3311;0214;2;131;11175;;;;;N
24008;CARLOS MANUEL DE CESPEDES;LA AGUADA;3304;0110;1;658;14231;;;;;N
24012;NICETO PEREZ GARCIA;ARROYO BLANCO;3313;0215;3;131;01715;;;;;N
24013;ALCIBIADES BERMUDES;GALLARDO;3304;0311;7;131;03686;;;;;N
24014;BRAULIO CORONEAUX BAJA S/C;21;3304;0218;;131;;;;;31/12/2003;N
24016;FRANK PAIS;LA TORONJA;3313;0214;2;131;11177;;;;;N
24017;JOSE MARTI PEREZ;MANACAL;3313;0214;2;131;11177;;;;;N
24021;16 DE ABRIL;PALMA CRIOLLA;3311;0214;2;131;11175;;;;;N
24027;RAUL ROA GARCIA;PUNTA DE JAGUA;3304;0311;7;131;03686;;;;;N
24033;7 DE DICIEMBRE;EL ESPINO;3305;0311;7;131;03841;0149/82;11/10/1982;;;N
24035;JORGE DIMITROV;CAUTILLO ABAJO;3304;0311;7;131;03686;;;;;N
24036;SABINO PUPO;LAS GUASIMAS;3312;0214;2;131;11176;;12/10/1978;;;N
24038;CLODOMIRA ACOSTA FERRALES;BOCA DEL SALTO;3311;0214;2;131;11175;;;;;N
24040;ANTONIO CESPEDES SOLIS;LAS CAOBAS;3305;0212;5;131;03841;0099/90;23/03/1990;;;N
24044;26 DE JULIO;MOGOTE;3312;0214;2;131;11176;;27/06/1980;;;N
24045;ROMARICO CORDERO;BOMBON Y BARRABA;3313;0215;3;131;01715;;;;;N
24047;17 DE MAYO;CINCO RANCHO;3311;0214;2;131;11175;;;;;N
24202;26 DE JULIO;EL GUINEO;3401;0216;6;131;03567;CI-S/N;15/06/1979;;;N
24204;ESTEBAN AGUILAR (BAJA S/C 03/13) ;21;3401;021600;;131;;;;;31/12/2003;N
24206;NICETO PEREZ LIMONAR;LA ESTRELLA;3403;0214;2;131;03562;CI-S/N;17/06/1978;;;N
24210;EMILIO BALTAZAR BAJA S/C COOP 4/02  ;21;3405;011000;;658;;;;;31/12/2003;N
24216;MIGUEL BETANCOURT;FELICIDAD, RAMON DE LAS YAGUAS;3406;0214;2;131;11206;CI-S/N;19/05/1978;;;N
24218;17 DE MAYO;CANDONGA;3407;0110;1;658;14232;CI-S/N;15/05/1979;;;N
24226;JOSE MARTI PEREZ;JUAN BARON;3407;0216;6;131;03819;CI-S/N;25/08/1979;;;N
24230;RENATO GUITAR ROSELL;PURIALES DE LAS MANUELAS;3408;0214;2;131;11180;CI-S/N;24/07/1979;;;N
24235;6TA. CUMBRE DE LOS PAISES NO ALINEADOS;VALLE FRIO;3408;0214;2;131;11180;CI-S/N;21/10/1979;;;N
24236;IDALBERTO LORA;LAS YAGUAS;3406;0214;2;131;11206;CI-S/N;25/10/1979;;;N
24238;JOSE TEY SAINT-BLANCARTD;LA VALERIANA;3406;0214;2;131;11206;CI-S/N;30/11/1979;;;N
24239;LUIS RAMIREZ LOPEZ BAJA S/C  ;21;3406;0218;;131;;;;;31/12/2003;N
24240;DESEMBARCO EL GRANMA BAJA S/C  ;21;3406;0218;;131;;;;;31/12/2003;N
24241;OTTO PARELLADA;LA JIBARERA;3408;0214;2;131;11180;CI-S/N;12/12/1979;;;N
24243;JUAN JOSE VERDECIA;LOS DORADOS, CHAVECO;3403;0110;1;658;14232;CI-S/N;14/12/1979;;;N
24246;ABEL SANTAMARIA CUADRADO (BAJA S/C 03/13) ;21;3401;021400;;131;;;;;31/12/2003;N
24254;RENATO GUITAR ROSELL;OCANA, SEVILLA;3406;0311;7;131;11206;CI-S/N;30/12/1979;;;N
24256;LINO ALVAREZ DE LAS MERCEDES;SONADOR;3409;0311;7;131;11573;CI-S/N;25/12/1979;;;N
24257;SABINO PUPO MILIAN;OCUJAL DEL TURQUINO;3409;0311;7;131;11573;CI-S/N;24/12/1979;;;N
24260;ORLANDO PANTOJA TAMAYO (BAJA S/C 03/13) ;21;3401;021600;;131;;;;;31/12/2003;N
24261;JUAN VILTALIO ACUNA;LOS NEGROS;3401;0311;7;131;03700;CI-S/N;30/04/1980;;;N
24268;JULIO ANTONIO MELLA;LA GUACA;3403;0214;2;131;03562;CI-S/N;24/07/1980;;;N
24280;SALVADOR ALLENDE;EL MIJIAL;3405;0214;2;131;11206;CI-S/N;21/10/1980;;;N
24297;ELISEO REYES;ALDRICH;3403;0110;1;658;14232;CI-S/N;07/03/1981;;;N
24298;VICTORIA DE GIRON;LAS CRUCES;3401;0110;1;658;14232;CI-S/N;20/04/1981;;;N
24299;ROMARICO CORDERO GARCES;ARROYO LLANO;3409;0214;2;131;11573;CI-S/N;09/04/1981;;;N
24301;ALEXANDER STAMBOLISKI (BAJA S/C 03/13);21;3404;021400;;131;;;;;31/12/2003;N
24304;17 DE MAYO;LIMONAR, MATAHAMBRE;3405;0215;3;131;11206;CI-S/N;15/05/1981;;;N
24306;VICTORIA DE GIRON;GUAYABAL;3405;0214;2;131;11206;CI-S/N;19/04/1981;;;N
24307;LAZARO PENA GONZALEZ;EL SUR;3408;0214;2;131;11180;CI-S/N;14/05/1981;;;N
24308;ROBERTO RAMIREZ;RAMON DE GUANINAO;3407;0214;2;131;03561;CI-S/N;18/05/1981;;;N
24310;17 MAYO (BAJA S/C 03/13)  ;21;3401;031100;;131;;;;;31/12/2003;N
24313;LINO ALVAREZ DE LA MERCEDES;BELLEZA;3405;0110;1;658;14232;;;;;N
24314;MARIANA GRAJALES BAJA S/C ;21;3403;011000;;658;;;;;31/12/2003;N
24316;SABINO PUPO MILIAN;DOS CAMINOS;3403;0110;1;658;14232;CI-S/N;09/05/1980;;;N
24317;TEODORO BANDERA;PARAISO;3403;0214;2;131;03562;;;;;N
24321;30 DE NOVIEMBRE;EL QUEMAO;3405;0110;1;658;14232;CI-S/N;24/03/1991;;;N
24323;26 DE JULIO;FRANCES;3409;0311;7;131;11573;CI-S/N;04/11/1981;;;N
24324;CELIA SANCHEZ MANDULEY BAJA S/C;21;3409;0218;;131;;;;;31/12/2003;N
24326;ESTEBAN CABALLERO;RIHITO DE MATIAS;3408;0214;2;131;11180;CI-S/N;18/12/1981;;;N
24327;XX ANIVERSARIO DEL COMBATE DE JIGUE;LA MAGDALENA;3409;0311;7;131;11573;CI-S/N;04/01/1982;;;N
24328;BENJAMIN PARDO GUERRA;LAS COLORADAS;3407;0214;2;131;03819;CI-S/N;19/12/1981;;;N
24334;JOSE ANTONIO HECHEVERRIA;FRUTA DE PAN;3403;0110;1;658;14232;CI-S/N;13/02/1982;;;N
24335;XX ANIVERSARIO DE LA UJC;LAS BOCAS;3408;0214;2;131;11180;CI-S/N;26/03/1982;;;N
24338;ANGEL BELLO VEGA;LA TABLA;3408;0214;2;131;11180;CI-S/N;04/03/1982;;;N
24345;VICTORIA DE GIRON;SANTA RITA DE LAJAS;3407;0213;4;131;03819;CI-S/N;03/05/1982;;;N
24347;ALEJANDRO GONZALEZ ALCOLEA;EL PULPITO;3404;0214;2;131;11576;CI-S/N;27/05/1982;;;N
24354;26 DE JULIO;NGUYEN 2;3405;0110;1;658;14232;CI-S/N;15/07/1982;;;N
24355;ASALTO AL MONCADA;EL ERMITANO;3406;0311;7;131;03704;CI-S/N;16/07/1982;;;N
24357;FRANK PAIS GARCIA;EL TETUAN;3403;0218;9;131;13109;CI-S/N;27/07/1982;;;N
24361;WILLIAM SOLER;EL MANACAL;3405;0214;2;131;11206;CI-S/N;07/08/1982;;;N
24363;GUILLERMO MONCADA VERANES;JOTURITO;3403;0214;2;131;03562;CI-S/N;07/08/1982;;;N
24364;TONY ALOMA BAJA S/C COOP 4/02  ;21;3403;0218;;131;;;;;31/12/2003;N
24368;PEDRO LANTIGUA;LAS GUASIMAS;3405;0214;2;131;11206;CI-S/N;30/08/1982;;;N
24375;MARIO MUNOZ MONROY;LAJA GUANINAO;3401;0216;6;131;03567;CI-S/N;16/09/1982;;;N
24377;EMILIO BARCENAS PIERT;MARGOT;3404;0214;2;131;11576;CI-S/N;14/09/1982;;;N
24378;NICETO PEREZ LIMONAR;GUAYABAL;3401;0216;6;131;03567;CI-S/N;30/09/1982;;;N
24379;GIRALDO CORDOBA CARDIN;CAMBULA;3408;0214;2;131;11180;CI-S/N;29/09/1982;;;N
24381;JOSE TEY;PASO LA MINA;3408;0214;2;131;11180;CI-S/N;09/10/1982;;;N
24385;EVELIO RODRIGUEZ;EL CUJABO;3406;0214;2;131;11206;CI-S/N;05/11/1982;;;N
24389;ABEL SANTAMARIA CUADRADO;LA PUNTA, CARRETERA DE BACONAO;3406;0311;7;131;03704;CI-S/N;05/11/1981;;;N
24390;SABINO PUPO MILIAN;LA MAGDALENA, SIBONEY;3406;0217;8;131;03704;Acta Co;12/07/1979;;;N
24391;PROTESTA DE BARAGUA;EL OLIMPO, GRAN PIEDRA;3406;0214;2;131;11206;CI-S/N;21/12/1982;;;N
24394;ROMARICO CORDERO GARCES BAJA S/ C COOP 4/02  ;21;3405;0218;;131;;;;;31/12/2003;N
24396;DESEMBARCO DEL GRANMA;SANTA CRUZ;3403;0110;1;658;14232;CI-S/N;20/12/1982;;;N
24400;BENJAMIN PARDO GUERRA;BRAZO MUERTO;3408;0214;2;131;11180;CI-S/N;14/01/1983;;;N
24402;ANTONIO ALOMA BAJA S/C ;21;3408;0218;;131;;;;;31/12/2003;N
24403;COLUMNA 17;EL ARPON;3404;0214;2;131;11576;CI-S/N;12/02/1983;;;N
24405;CAMILO CIENFUEGOS GORRIARAN;DULCE UNION, DOS BOCAS;3406;0214;2;131;11206;CI-S/N;08/03/1983;;;N
24406;JOSE MARIA PEREZ BAJA S/C ;21;3405;0218;;131;;;;;31/12/2003;N
24407;CAMILO CIENFUEGOS GORRIARAN;LA CARIDAD, LA CAOBA;3403;0214;2;131;03562;CI-S/N;03/04/1983;;;N
24410;ARMANDO ORTIZ;LA PRUEBA;3405;0110;1;658;14232;CI-S/N;11/06/1983;;;N
24411;JESUS SUAREZ GAYOL;ANACAHUITA;3403;0110;1;658;14232;CI-S/N;11/06/1983;;;N
24413;JULIO CASAMAYOR;SANTA ROSA;3407;0214;2;131;03561;CI-S/N;25/08/1983;;;N
24414;PORFIRIO ALVAREZ;LA GUADALUPE;3407;0214;2;131;03561;CI-S/N;25/08/1983;;;N
24420;BATALLA DE PINO DE BAIRE (BAJA S/C 03/13) ;21;3401;021600;;131;;;;;31/12/2003;N
24421;OSCAR LUCERO MOYA;EL 10 DE MELLA;3402;0110;1;131;14232;CI-S/N;15/05/1984;;;N
24424;V CONGRESO;EL PERU;3407;0311;7;131;03700;CI-S/N;05/04/1985;;;N
24428;PAQUITO GONZALEZ;EL MANZANO;3404;0214;2;131;11576;CI-S/N;31/03/1986;;;N
24431;NICOLAS RODRIGUEZ;BARAJAGUA, EL CRISTO;3406;0213;4;131;03566;CI-S/N;12/03/1987;;;N
24433;VII CONGRESO CAMPESINO ANAP;EL ORO;3409;0214;2;131;11573;CI-S/N;17/05/1987;;;N
24438;23 DE AGOSTO;EL SAITO TROPEZON;3405;0214;2;131;11206;CI-S/N;25/08/1987;;;N
24440;ENRIQUE FONSECA ROSALES;SAO QUEMADO;3403;0311;7;131;03702;CI-S/N;18/01/1988;;;N
24441;PEDRO ORTIZ CABRERA;LA ANITA;3409;0214;2;131;;;30/06/2016;;;N
24444;BENJAMIN PARDO GUERRA;PELADERO;3409;0214;2;131;11573;CI-S/N;08/03/1988;;;N
24445;LINO ALVAREZ DE LAS MERCEDES (BAJA S/C 03/13);21;3404;021400;;131;;;;;31/12/2003;N
24449;MARIANA GRAJALES COELLO;LA ISABELITA;3405;0214;2;131;11206;CI-S/N;12/04/1989;;;N
24450;MARTIRES DE BARBADOS (BAJA S/C 03/13) ;21;3406;031100;;131;;;;;31/12/2003;N
24453;CARLOS MANUEL DE CESPEDES DEL CASTILLO;COMECARA;3408;0214;2;131;11180;CI-S/N;14/11/1993;;;N
24454;SATURNINO LORA;LA ANACAHUITA;3401;0216;6;131;03567;CI-S/N;15/04/1994;;;N
24455;RAUL MORENO BLANCO;YAMAGUA;3409;0214;2;131;11573;CI-S/N;22/09/1994;;;N
24456;RAUL INFANTE;SAN JOSE;3409;0214;2;131;11573;CI-S/N;12/09/1994;;;N
24457;ROMARIO CORDERO GARCES;BAIRE SANTO;3401;0216;6;131;03567;CI-S/N;05/06/1995;;;N
24458;CRISTINO NARANJO;MANACAL;3408;0214;2;131;11180;CI-S/N;14/08/1995;;;N
24459;28 DE MAYO;UVERO;3409;0311;7;131;11573;R39;04/02/1998;;;N
24460;ABEL SANTAMARIA CUADRADO;MANGA;3404;0214;2;131;11576;CI-S/N;28/08/1999;;;N
24461;CELIA SANCHEZ MANDULEY;LOS LAZOS;3404;0214;2;131;11576;CI-S/N;28/08/1999;;;N
24462;ANTERO REGALADO;LOS CAROES;3404;0214;2;131;11576;CI-S/N;28/08/1999;;;N
24463;CONGRESO CAMPESINO EN ARMAS;SOLEDAD;3404;0214;2;131;11576;CI-S/N;28/08/1999;;;N
24464;11 DE MARZO;TUMBA SIETE;3404;0214;2;131;11576;CI-S/N;28/08/1999;;;N
24466;TANIA LA GUERRILLERA;SAN BENITO;3404;0214;2;131;11576;CI-S/N;28/08/1999;;;N
24467;ALCIBIADES BLANCO MEJIAS;SAN BENITO;3404;0214;2;131;11576;CI-S/N;28/08/1999;;;N
24735;MARIO MUNOZ MONROE;TABAJO;3504;0217;8;131;3020;;;;;N
24737;ANTERO REGALADO;NARANJO DEL TOA;3504;0217;8;131;3020;;;;;N
24741;ANTONIO MACEO GRAJALES;POTOSI;3502;0214;2;131;3020;;31/12/1981;;;N
24751;JULIO ANTONIO MELLA;PAULINO;3503;0214;2;131;3020;;14/05/1980;;;N
24757;MIGUEL ANGEL BETANCOURT;TABAJO DEL TOA;3504;0214;2;131;3020;;;;;N
24758;DOMINGO HERMANDEZ;EL COROJO DE CAUJERI;3507;0311;7;131;3030;;;;;N
24759;CECILIO TABERA;LA PRIETA;3505;0214;2;131;3020;;;;;N
24767;ALEXANDER STAMBOLISKI;VIRGINIA;3503;0214;2;131;3020;;;;;N
24769;JULIO ANTONIO MELLA;NARANJO DEL TOA;3504;0217;8;131;3020;;;;;N
24771;VICTORIA DE GIRON;LA ALEGRIA;3504;0218;9;131;3020;;;;;N
24777;REVOLUCION SOCIALISTA DE OCTUBRE;EL MOSQUITERO;3504;0218;9;131;3020;;;;;N
24778;RAMON LOPEZ PENA;ZONA QUIVIJAN;3504;0217;8;131;3020;;;;;N
24784;PRIMERO DE ABRIL;BARIGUA;3504;0214;2;131;3020;;;;;N
24787;DIONICIO SAN ROMAN;TRIBILIN;3503;0214;2;131;3020;;07/03/1980;;;N
24788;JOSE RODRIGUEZ VEDO BAJA S/C3T /03  ;21;3502;0218;;131;;;;;31/12/2003;N
24798;PRIMERO DE MAYO;SABANILLA;3504;0218;9;131;3020;;;;;N
24803;CALIXTO GARCIA INIGUEZ;SANTA ROSA;3504;0217;8;131;3020;;;;;N
24805;RICARDO GONZALEZ BAJA S/C 3T/03;21;3509;0218;;131;;;;;31/12/2003;N
24807;ROBERTO RIVERA;SAN RAFAEL;3503;0214;2;131;3020;;;;;N
24808;JOSE MARTI PEREZ;CANTA RANA MOSQUITERO;3504;0218;9;131;3020;;;;;N
24814;SABINO PUPO;BEJUCO;3505;0214;2;131;3020;;24/11/1981;;;N
24818;XXX ANIVERSARIO DE GIRON;EL CUERO;3506;0214;2;131;3002;5280005;03/12/1981;;;N
24821;LUIS LOPEZ MUSTELIER;QUEMADO DE CUNEIRA;03501;0110;1;658;3010;;;;;N
24822;ANTONIO HERNANDEZ SUARES;SANTA MARIA DE NIBUJON;3504;0217;8;131;3020;;;;;N
24823;CANDIDO GONZALEZ;LA RECONTRA  DUABA;3504;0217;8;131;3020;;;;;N
24827;LUBENCIO CLARO;LA CLARITA;3503;0214;2;131;3020;;;;;N
24828;JOSE ANTONIO HECHAVARRIA BAJA S/C;21;3504;021400;;131;;;;;31/12/2003;N
24830;CARLOS BALINO;LOS GALLEGOS;3505;0214;2;131;3020;;;;;N
24831;ANTONIO MACEO GRAJALES;LA GUIRA;3505;0214;2;131;3020;;;;;N
24832;BRAULIO CORONEAUX BAJA S/C;21;03501;021400;;131;;;;;31/12/2003;N
24834;PRIMER CONGRESO DEL PCC BAJA S/C ;21;3504;021700;;131;;;;;31/12/2003;N
24839;13 MARZO;EL JUSTAL;3503;0214;2;131;3020;;;;;N
24841;16 DE ABRIL;OJO DE AGUA;3504;0217;8;131;3020;;;;;N
24850;PELAYO MARTINEZ;EL MOREL;3504;0217;8;131;3020;;;;;N
24852;CACIQUE GUAMA;LA TINTA;3505;0214;2;131;3020;;;;;N
24859;JESUS MENENDEZ BAJA S/C;21;3505;0218;;131;;;;;31/12/2003;N
24863;RAUL ROA GARCIA;BAYATE ABAJO;03501;0214;2;131;3020;;;;;N
24869;RUBEN MARTINEZ VILLENA BAJA S/C;21;3505;0218;;131;;;;;31/12/2003;N
24870;JOSE MACEO GRAJALES;EL CAYO;3505;0214;2;131;3020;;;;;N
24871;FRANK PAIS GARCIA;VEGA LARGA;3504;0217;8;131;3020;;;;;N
24872;RUBEN MARTINEZ VILLENA;CAPIRO;3504;0217;8;131;3020;;;;;N
24873;MAXIMO GOMEZ;LA CURAVARA;3505;0214;2;131;3020;;;;;N
24874;ROMARICO CORDERO;CUARTON CANA VALENTIN;3502;0214;2;131;3020;;;;;N
24881;SALVADOR ALLENDE BAJA S/C 3T/03;21;3502;0218;;131;;;;;31/12/2003;N
24885;30 DE NOVIEMBRE;LA TONTINA;3510;0214;2;131;3020;5232005;26/11/1982;;;N
24889;EZEQUIEL SANAME;NAVA;3504;0217;8;131;3020;;;;;N
24890;LAURA FUENTES;PALMAREJO;3504;0217;8;131;3020;;;;;N
24891;SABINO PUPO;HONDONES;3502;0214;2;131;3020;;;;;N
24893;4 DE ABRIL BAJA S/C 3T/03 ;21;3507;0218;;131;;;;;31/12/2003;N
24897;RAMON LOPEZ PENA;PURIALES ABAJO;3505;0214;2;131;3020;;;;;N
24898;PRIMERO DE MAYO BAJA S/C 3T/03 ;21;3502;011000;;658;;;;;31/12/2003;N
24903;LAZARO PENA;SAN LUIS;3504;0217;8;131;3020;;;;;N
24905;JESUS MENENDEZ;LA JAGUA;3510;0214;2;131;3020;;;;;N
24907;GIL HIERREZUELO;LA CIDRA;03501;0214;2;131;3020;;11/07/1983;;;N
24910;NARCISO CAMEJO;LIMONCITO;03501;0214;2;131;3020;;20/09/1983;;;N
24911;XXX ANIVERSARIO DEL MONCADA;CAGUEYBAJO SABANILLA;3504;0217;8;131;3020;;;;;N
24915;26 DE JULIO BAJA S/C 3T/03;21;3507;0218;;131;;;;;31/12/2003;N
24917;ANTERO REGALADO;LA LLANA;3502;0214;2;131;3020;;;;;N
24918;MARTIRES DE BARBADO;SABANILLA;3504;0217;8;131;3020;;;;;N
24919;CONGRESO CAMPESINO EN ARMAS;LA BAMBA;3503;0214;2;131;3020;;;;;N
24920;FRANK PAIS GARCIA;MAGUEY;3502;0214;2;131;3020;;07/04/1984;;;N
24928;21 DE SEPTIEMBRE;LOS CAGUAIRANES;3502;0110;1;658;3010;5732005;20/09/1984;;;N
24930;ABEL SANTAMARIA;EL JOBO;3506;0218;9;131;3020;5327005;29/11/1984;;;N
24940;CARLOS MANUEL DE CESPEDES BAJA S/C 3T/03;21;3502;0218;;131;;;;;31/12/2003;N
24942;VICTORIA DE GIRON;JAMAICA;3502;0110;1;658;3010;;;;;N
24943;JESUS MENENDEZ LARRONDO;CARRERA LARGA;03501;0110;1;658;3010;;17/05/1978;;;N
24944;11 DE ABRIL;LAS CRUCES;3506;0218;9;131;3020;5352005;10/04/1986;;;N
24946;TRIUNFO DE LA REVOLUCION;MANDINGA;3504;0214;2;131;3020;;;;;N
24947;ABEL SANTA MARIA;GUANDAO;3504;0217;8;131;3020;;;;;N
24953;SEPTIMO CONGRESO;EL SILENCIO;3503;0216;6;131;3020;;;;;N
24956;10 DE OCTUBRE BAJA S/C ;21;3504;021400;;131;;;;;31/12/2003;N
24957;MANUEL PITI FAJARDO BAJA S/C 3T/03  ;21;3504;0218;;131;;;;;31/12/2003;N
24964;JOSE MACEO GRAJALES BAJA S/C ;21;3509;021400;;131;;;;;31/12/2003;N
24965;LIDIA DOCE;GUAJACAL;3506;0213;4;131;3020;3857005;03/12/1981;;;N
24966;ASALTO AL CUARTEL MONCADA BAJA S/C 3 T/03 ;21;3502;0218;;131;;;;;31/12/2003;N
24969;CALIXTO GARCIA;LA CAGUEYVA;3505;0214;2;131;3020;;;;;N
24972;IGNACIO AGRAMONTE LOINAZ;EL OASIS DE MONTE RUS;03501;0214;2;131;3020;;;;;N
24973;26 DE JULIO BAJA S/C ;21;03501;021400;;131;;;;;31/12/2003;N
24974;17 DE MAYO;GUAIBANO DE CAUJERI;3507;0213;4;131;3020;;;;;N
24978;28 DE SEPTIEMBRE;LA GUANABANA DE BAYATE;03501;0311;7;131;3030;;05/01/1996;;;N
24979;ABEL SANTAMARIA CUADRADO;SOLEDAD DEL MANGO;03501;0311;7;131;3030;;;;;N
24980;MIGUEL ANGEL BETANCOURT;SOLEDAD DEL MANGO;03501;0214;2;131;3020;;;;;N
24981;ANDRES CHONGO CONTRERAS;LA ESCONDIDA DE MONTE RUS;03501;0214;2;131;3020;;;;;N
24983;CELIA SANCHEZ MANDULEY;EL LECHERO;03501;0311;7;131;3030;;;;;N
24984;LINO DE LAS MERCEDES ALVAREZ;EL LECHERO;03501;0214;2;131;3020;;;;;N
24988;SOLIDARIDAD CON ANGOLA;MANGUITO;3507;0213;4;131;3020;;;;;N
25102;CMDTE PINARES;CARRETERA SUR KM 13 1/2;4001;0213;4;131;03574;9/98;05/12/1982;;;S