70101;COOPERATIVA AMYAIR CONFIANZA, DE SERVICIOS CONSTRUCTIVOS-INGENIEROS ESPECIALIZADOS.;AMYAIR;CALLE 15 NO. 6207, ENTRE 62 Y 64;19/06/2013;2301;4530;0;126;999;1;CNoA;08;5;
70102;COOPERATIVA NO AGROPECUARIA EL MARANON;;CALLE RAFAEL PEÑA S/N ENTRE CALLE MARTI Y LINEA.;20/06/2013;2211;5311;0;326;999;1;CNoA;08;5;
70103;COOPERATIVA NO AGROPECUARIA LA PLACITA;;CALLE 42 ENTRE 29 Y CAMPO.;20/06/2013;2210;5311;0;326;999;1;CNoA;08;5;
70104;COOPERATIVA NO AGROPECUARIA 26 DE JULIO;;CALLE 51 S/N ENTRE 41 Y 43.;20/06/2013;2206;5311;0;326;999;1;CNoA;08;5;
70105;COOPERATIVA NO AGROPECUARIA LA POPULAR;;CALLE 84 NO. 9302 ENTRE 93 Y 95.;20/06/2013;2207;5311;0;326;999;1;CNoA;08;5;
70106;COOPERATIVA NO AGROPECUARIA LA VICTORIA;;AVE. 25 ENTRE 30 Y 32.;21/06/2013;2201;5311;0;326;999;1;CNoA;08;5;
70107;COOPERATIVA NO AGROPECUARIA ISMAEL CEJAS;;CALLE 88 NO. 5701 ENTRE 57 Y 61;21/06/2013;2203;5311;0;326;999;1;CNoA;08;5;
70108;COOPERATIVA NO AGROPECUARIA LAS CANAS;;CALLE 14 NO. 504 ENTRE 5 Y 7, LAS CAÑAS.;21/06/2013;2209;5311;0;326;999;1;CNoA;08;5;
70109;COOPERATIVA NO AGROPECUARIA LA AVENIDA;;CALLE 40 ESQUINA 23.;21/06/2013;2209;5311;0;326;999;1;CNoA;08;5;
70110;COOPERATIVA NO AGROPECUARIA EL CAIMITO;;CALLE 52 ENTRE 41 Y 39, CAYAGUAZAL;21/06/2013;2204;5311;0;326;999;1;CNoA;08;5;
70111;COOPERATIVA DE SERVICIOS TECNICOS CONSTRUCTIVOS;MICARAL;CALLE 3RA NO. 3 APART. 3 ENTRE F Y G.;21/06/2013;2302;4520;0;126;999;1;CNoA;08;5;
70112;COOPERATIVA MERCADO AGROPECUARIO 30 Y 33;;CALLE 33, NO. 3006 ENTRE 30 Y 34.;21/06/2013;2301;5311;0;313;999;1;CNoA;08;5;
70113;COOPERATIVA CAMILO CIENFUEGOS GORRIARAN;;CALLE 146 ENTRE 249 Y 251 NO. 24903;21/06/2013;2205;5311;0;326;999;1;CNoA;08;5;
70114;COOPERATIVA NO AGROPECUARIA MARIEL;;CALLE 132 ENTRE 69 Y 71.;21/06/2013;2202;5311;0;326;999;1;CNoA;08;5;
70115;COOPERATIVA NO AGROPECUARIA MANOLITO AGUIAR;;AVE. 1RA S/N ENTRE 160 Y 160-A, PLAYA BARACOA;24/06/2013;2205;5311;0;326;999;1;CNoA;08;5;
70116;COOPERATIVA MERCADO AGROPECUARIO LOMA Y TULIPAN;;CALLE LOMA, ESQUINA A TULIPAN;24/06/2013;2302;5311;0;313;999;1;CNoA;08;5;
70117;COOPERATIVA MERCADO AGROPECUARIO 13 Y 62;;AVE. 13, ENTRE 62 Y 64;24/06/2013;2301;5311;0;313;999;1;CNoA;08;5;
70118;COOPERATIVA MERCADO AGROPECUARIO EL ALMENDARES;;AVE. 19 NO.7801, ENTRE 78 Y 80;24/06/2013;2301;5311;0;313;999;1;CNoA;08;5;
70119;COOPERATIVA MERCADO AGROPECUARIO SANTA FELICIA;;CALLE 49, ESQUINA A 88;24/06/2013;2311;5311;0;313;999;1;CNoA;08;5;
70120;COOPERATIVA DE SERVICIOS DE CONSTRUCCION;SERCONST;CALLE CALZADA NO. 406, ENTRE F Y G.;24/06/2013;2302;4520;0;126;999;1;CNoA;08;5;
70122;COOPERATIVA MERCADO AGROPECUARIO EL NINO;;CALLE OCTAVA ENTRE PRIMERA Y TERCERA, REPARTO MAÑANA.;24/06/2013;2307;5311;0;313;999;1;CNoA;08;5;
70123;COOPERATIVA MERCADO AGROPECUARIO COMPLEJO 58-B;;CALLE 58 B ENTRE 47 Y 49;25/06/2013;2301;5311;0;313;999;1;CNoA;08;5;
70124;COOPERATIVA MERCADO AGROPECUARIO SANTA FE;;AVE. 1RA B, ENTRE 296 Y 298;25/06/2013;2301;5311;0;313;999;1;CNoA;08;5;
70125;COOPERATIVA CONSTRUCCIONES LAPINET;;ALFREDO HERNANDEZ NO. 6 ENTRE LEPANTO Y CUARTEL, OLIVOS 1;25/06/2013;2807;4520;0;126;999;1;CNoA;08;5;
70126;COOPERATIVA DE SERVICIOS TECNICOS ESPECIALIZADOS FRIO SISTEM;FRIO SISTEM;CALLE GELABERT NO. 60 ALTOS, ENTRE SAN MIGUEL Y LAGUERUELA;25/06/2013;2309;4530;0;126;999;1;CNoA;08;5;
70127;RECICLAJE DE DESECHOS SAN JOSE DE LAS LAJAS;;AVE. 29 CARRETERA RANCHO ALTO;25/06/2013;2402;3950;0;102;999;1;CNoA;08;5;
70128;COOPERATIVA MERCADO AGROPECUARIO P-12;;CALLE 316, ESQUINA A 17;25/06/2013;2301;5311;0;313;999;1;CNoA;08;5;
70129;COOPERATIVA MERCADO AGROPECUARIO EL DELFIN;;CALLE 1RA, NO. 8603A, ENTRE 86 Y 89, LOCALIDAD COJIMAR;25/06/2013;2306;5311;0;313;999;1;CNoA;08;5;
70131;COOPERATIVA MERCADO AGROPECUARIO EL GALLO;;CALLE 83 S/N, ENTRE 152 Y 156;25/06/2013;2312;5311;0;313;999;1;CNoA;08;5;
70132;COOPERATIVA MERCADO AGROPECUARIO VIVES;;CALLE VIVES, ESQUINA RASTRO;25/06/2013;2304;5311;0;313;999;1;CNoA;08;5;
70133;COOPERATIVA MERCADO AGROPECUARIO LA KATHERINE;;CALLE REVILLAGIGEDO NO. 206, ENTRE MISION Y ESPERANZA;25/06/2013;2304;5311;0;313;999;1;CNoA;08;5;
70134;COOPERATIVA NO AGROPECUARIA DESARROLLO LOCAL CUBA-VENEZUELA;;CALLE 68 ENTRE 48 Y 49;25/06/2013;2402;5311;0;327;999;1;CNoA;08;5;
70136;COOPERATIVA NO AGROPECUARIA EL MOLINO;;CALLE 28 ENTRE 41 Y 43;25/06/2013;2409;5311;0;327;999;1;CNoA;08;5;
70137;COOPERATIVA MERCADO AGROPECUARIO 40-A;;CALLE 40-A, ENTRE 1RA Y 3RA;26/06/2013;2301;5311;0;313;999;1;CNoA;08;5;
70138;COOPERATIVA MERCADO AGROPECUARIO EL CANO;;CALLE 284, ENTRE 81 Y 83;26/06/2013;2312;5311;0;313;999;1;CNoA;08;5;
70139;COOPERATIVA MERCADO AGROPECUARIO LA AUTENTICA;;CALLE 56 ENTRE 160 Y 162-C, ZONA 6, ALAMAR;26/06/2013;2306;5311;0;313;999;1;CNoA;08;5;
70140;COOPERATIVA MERCADO AGROPECUARIO LA UNION;;CALLE 15 NO. 492, ESQUINA A 90, LOCALIDAD GUITERAS;26/06/2013;2306;5311;0;313;999;1;CNoA;08;5;
70141;COOPERATIVA MERCADO AGROPECUARIO EL PLAYERO;;CALLE 464 NO. 517, ENTRE 5TA Y 7MA, LOCALIDAD GUANABO;26/06/2013;2306;5311;0;313;999;1;CNoA;08;5;
70142;COOPERATIVA MERCADO AGROPECUARIO LAS PALMERAS;;CALLE LAZADA NORTE III Y AVENIDA SUR;26/05/2013;2310;5311;0;313;999;1;CNoA;08;5;
70143;COOPERATIVA MERCADO AGROPECUARIO LA NINA;;CALLE BENITO ANIDO S/N, ENTRE ALBUQUERQUE Y PERDOMO;26/06/2013;2305;5311;0;313;999;1;CNoA;08;5;
70144;COOPERATIVA MERCADO AGROPECUARIO CASA BLANCA;;CALLE FUERTE SAN DIEGO NO. 89 Y CARRETERA EL ASILO, CASA BLANCA;26/06/2013;2305;5311;0;313;999;1;CNoA;08;5;
70146;COOPERATIVA MERCADO AGROPECUARIO RAMON HERNANDEZ CUBILLA;;CALZADA DE DIEZ DE OCTUBRE NO.120, ENTRE ALEJANDRO RAMIREZ Y AGUA DULCE;26/06/2013;2310;5311;0;313;999;1;CNoA;08;5;
70147;COOPERATIVA MERCADO AGROPECUARIO PROYECTO FUTURO;;CALLE PALATINO SIN NÚMERO ESQUINA SAN CARLOS;26/06/2013;2310;5311;0;313;999;1;CNoA;08;5;
70148;COOPERATIVA MERCADO AGROPECUARIO EL SOL;;CALLE COMPOSTELA NO. 609, ENTRE LUZ Y PORVENIR;26/06/2013;2304;5311;0;313;999;1;CNoA;08;5;
70149;COOPERATIVA MERCADO AGROPECUARIO 118 Y 39;;CALLE 118, ESQUINA A 39;26/06/2013;2311;5311;0;313;999;1;CNoA;08;5;
70150;COOPERATIVA MERCADO AGROPECUARIO ZAMORA COCO SOLO;;CALLE 130 ESQUINA A 39;26/06/2013;2311;5311;0;313;999;1;CNoA;08;5;
70151;COOPERATIVA CONSTRUCTORA ATLANTICO;CCA;CALLE PEREZ NO. 420, ENTRE REFORMA Y GUASABACOA, RPTO. LUYANO;26/06/2013;2309;4520;0;126;999;1;CNoA;08;5;
70152;COOPERATIVA MERCADO AGROPECUARIO EL LOGRO;;CALLE ARDAY, ENTRE A Y D, LOCALIDAD EL TRIGAL;26/06/2013;2313;5311;0;313;999;1;CNoA;08;5;
70154;COOPERATIVA MERCADO AGROPECUARIO LA COMPLACIENTE;;CALLE CALZADA DEL WAJAY NO. 1886, ENTRE 188 Y 219, FONTANAR;26/06/2013;2313;5311;0;313;999;1;CNoA;08;5;
70155;COOPERATIVA MERCADO AGROPECUARIO ESCALA;;CALLE SERGIO GONZALEZ Y CLAVEL;26/06/2013;2307;5311;0;313;999;1;CNoA;08;5;
70156;COOPERATIVA MERCADO AGROPECUARIO EL MATANCERO;;CALLE 162C, ENTRE 3RA C Y 3RA B, ZONA 1, ALAMAR;26/06/2013;2306;5311;0;313;999;1;CNoA;08;5;
70157;COOPERATIVA MERCADO AGROPECUARIO FLOR DEL ESTE;;CALLE 16, S/N, ENTRE 2DA Y 4TA, REPARTO GUITERAS;26/06/2013;2306;5311;0;313;999;1;CNoA;08;5;
70158;COOPERATIVA NO AGROPECUARIA ANTONIO MACEO;;AVENIDA 23 ENTRE 20 Y 22;26/06/2013;2403;5311;0;327;999;1;CNoA;08;5;
70159;COOPERATIVA NO AGROPECUARIA MERCADO AGROPECUARIO BATABANO;;AVENIDA 71 ENTRE 68 Y FINAL;26/06/2013;2410;5311;0;327;999;1;CNoA;08;5;
70160;COOPERATIVA NO AGROPECUARIA PINILLO;;CALLE 76 ENTRE 81 Y 91;26/06/2013;2408;5311;0;327;999;1;CNoA;08;5;
70161;COOPERATIVA NO AGROPECUARIA 8 DE MARZO;;CALLE 21 ENTRE 18 Y 20;26/06/2013;2411;5311;0;327;999;1;CNoA;08;5;
70162;COOPERATIVA NO AGROPECUARIA LA CONQUISTADORA;;CALLE 18 ENTRE 7MA Y 9NA;26/06/2013;2404;5311;0;327;999;1;CNoA;08;5;
70163;COOPERATIVA NO AGROPECUARIA NUEVA LINEA;;CALLE 38 ENTRE 31 Y 33;26/06/2013;2405;5311;0;327;999;1;CNoA;08;5;
70164;COOPERATIVA NO AGROPECUARIA LA UNICA;;AVENIDA 37 S/N ENTRE 36 Y 38;26/06/2013;2407;5311;0;327;999;1;CNoA;08;5;
70165;COOPERATIVA NO AGROPECUARIA LOS HERMANOS;;CALLE 12 NO. 2507 ENTRE 25 Y 29;26/06/2013;2406;5311;0;327;999;1;CNoA;08;5;
70166;COOPERATIVA MERCADO AGROPECUARIO 9NA. E I;;CALLE 9NA, ESQUINA A I;27/06/2013;2302;5311;0;313;999;1;CNoA;08;5;
70167;COOPERATIVA MERCADO AGROPECUARIO 26 y 41;;CALLE 26 ENTRE 39 Y 41;27/06/2013;2302;5311;0;313;999;1;CNoA;08;5;
70168;COOPERATIVA MERCADO AGROPECUARIO 25 Y 10;;CALLE 10 ENTRE 25 Y 27;27/06/2013;2302;5311;0;313;999;1;CNoA;08;5;
70169;COOPERATIVA MERCADO AGROPECUARIO CAYO HUESO;;HOSPITAL Y SAN RAFAEL;27/06/2013;2303;5311;0;313;999;1;CNoA;08;5;
70170;COOPERATIVA MERCADO AGROPECUARIO EL ARROYO;;CALLE MERCADO, ENTRE ARROYO Y SANTA MARTA;27/06/2013;2303;5311;0;313;999;1;CNoA;08;5;
70171;COOPERATIVA MERCADO AGROPECUARIO EL MONACO;;CALLE GOSS, ENTRE MAYIA RODRIGUEZ Y AMADO;27/06/2013;2309;5311;0;313;999;1;CNoA;08;5;
70172;COOPERATIVA MERCADO AGROPECUARIO LOS PINOS;;FERNANDEZ DE CASTRO, ENTRE FINLAY Y CISNEROS BETANCOURT, LOCALIDAD LOS PINOS;27/06/2013;2314;5311;0;313;999;1;CNoA;08;5;
70173;COOPERATIVA MERCADO AGROPECUARIO EL ELECTRICO;;CALLE PALLARE S/N, ENTRE CAMILO CIENFUEGOS Y MARTI, LOCALIDAD EL ELECTRICO;27/06/2013;2314;5311;0;313;999;1;CNoA;08;5;
70174;COOPERATIVA MERCADO AGROPECUARIO VENCEREMOS;;CALLE MARIA LUISA ENTRE PEDRO NUEVO Y LIBERTAD, REPARTO FRATERNIDAD;27/06/2013;2314;5311;0;313;999;1;CNoA;08;5;
70175;COOPERATIVA MERCADO AGROPECUARIO 1RA Y D;;CALLE 1RA, ENTRE C Y D, REPARTO POEY;27/06/2013;2314;5311;0;313;999;1;CNoA;08;5;
70176;COOPERATIVA MERCADO AGROPECUARIO MANTILLA;;CALLE CALZADA DE MANAGUA ENTRE 1RA Y 2DA;27/06/2013;2314;5311;0;313;999;1;CNoA;08;5;
70177;COOPERATIVA MERCADO AGROPECUARIO EL TRANVIA;;CALLE MACEO, ESQUINA VERSALLES;27/06/2013;2307;5311;0;313;999;1;CNoA;08;5;
70178;COOPERATIVA CONSTRUCTORA DAMASO;;CALLE SANTA TERESA NO. 309, ENTRE MAZARREDO Y LINDERO, NUEVO VEDADO;27/06/2013;2302;4520;0;126;999;1;CNoA;08;5;
70179;COOPERATIVA MERCADO AGROPECUARIO EL TRIUNFO;;EDIFICIO 320, REPARTO CAMILO CIENFUEGOS;27/06/2013;2306;5311;0;313;999;1;CNoA;08;5;
70180;COOPERATIVA MERCADO AGROPECUARIO LAS AVENIDAS;;CALLE 176 ENTRE 5TA Y 1RA D, ALAMAR;27/06/2013;2306;5311;0;313;999;1;CNoA;08;5;
70181;COOPERATIVA MERCADO AGROPECUARIO LA GRANJITA;;CALLE COLON, ENTRE SAN CRISTOBAL Y CALZADA DEL CERRO;27/06/2013;2310;5311;0;313;999;1;CNoA;08;5;
70182;COOPERATIVA MERCADO AGROPECUARIO AMISTAD Y VIRTUDES;;CALLE VIRTUDES, ESQUINA A AMISTAD;27/06/2013;2303;5311;0;313;999;1;CNoA;08;5;
70183;COOPERATIVA MERCADO AGROPECUARIO LA CORONELA;;CALLE 222-A, ENTRE 23 Y 25, LOCALIDAD LA CORONELA;27/06/2013;2312;5311;0;313;999;1;CNoA;08;5;
70184;COOPERATIVA MERCADO AGROPECUARIO CUATRO CAMINOS;;CALLE 101, ENTRE 100 Y 102, CUATRO CAMINOS;27/06/2013;2315;5311;0;313;999;1;CNoA;08;5;
70185;COOPERATIVA MERCADO AGROPECUARIO TORRIENTES;;CALLE 26-A, ENTRE 63 Y 65, LOCALIDAD TORRIENTES;27/06/2013;2315;5311;0;313;999;1;CNoA;08;5;
70186;COOPERATIVA NO AGROPECUARIA RECICLAJE DE DESECHOS DE ARTEMISA;;CALLE 33 NO. 3402 ENTRE 34 Y 36;27/06/2013;2209;3950;0;102;999;1;CNoA;08;5;
70187;COOPERATIVA MERCADO AGROPECUARIO LOTERIA;;CALLE 44, ENTRE 97 Y 99, REPARTO LOTERIA;28/06/2013;2315;5311;0;313;999;1;CNoA;08;5;
70188;COOPERATIVA DE SERVICIOS DE CONSTRUCCION, MANTENIMIENTO Y MONTAJE;GENEC;CALLE MANUEL GONZALEZ, NO 19527 ENTRE GABRIEL Y PEPE PRIETO, LOCALIDAD ROSALIA;28/06/2013;2308;4520;0;126;999;1;CNoA;08;5;
70189;COOPERATIVA MERCADO AGROPECUARIO LA ESPERANZA;;CALLE PARQUE OESTE ENTRE 10 Y 11, REPARTO EMBIL;28/06/2013;2313;5311;0;313;999;1;CNoA;08;5;
70190;COOPERATIVA MERCADO AGROPECUARIO LA PINA;;CALLE PERFECTO LACOSTE Y MASO;28/06/2013;2310;5311;0;313;999;1;CNoA;08;5;
70191;COOPERATIVA MERCADO AGROPECUARIO SHALOOM;;CALZADA DE GUINES ENTRE MANGO Y ROMANICH;28/06/2013;2308;5311;0;313;999;1;CNoA;08;5;
70192;COOPERATIVA MERCADO AGROPECUARIO LA CAROLINA;;CALZADA DE SAN MIGUEL ENTRE E Y GARRIDO, REPARTO LA CAROLINA;28/06/2013;2308;5311;0;313;999;1;CNoA;08;5;
70193;COOPERATIVA MERCADO AGROPECUARIO SAN JUAN DE LOS PINOS;;CALLE SAN JUAN DE LOS PINOS ENTRE 2DA Y B;28/06/2013;2308;5311;0;313;999;1;CNoA;08;5;
70194;COOPERATIVA MERCADO AGROPECUARIO PLAZA CERRO;;CALLE TULIPÁN SIN NÚMERO, ENTRE CLAVEL Y MARIANO;28/06/2013;2310;5311;0;313;999;1;CNoA;08;5;
70195;COOPERATIVA MERCADO AGROPECUARIO SAN BERNARDINO;;CALLE SAN BERNARDINO, ENTRE DUREGE Y SERRANO;28/06/2013;2309;5311;0;313;999;1;CNoA;08;5;
70196;COOPERATIVA MERCADO AGROPECUARIO LOS BENAVIDES;;CALLE BENAVIDES, ENTRE COMPROMISO Y REGLITA;28/06/2013;2309;5311;0;313;999;1;CNoA;08;5;
70197;COOPERATIVA MERCADO AGROPECUARIO CIELOS ABIERTOS;;332 Y 55, REPARTO CONCEPCION;28/06/2013;2312;5311;0;313;999;1;CNoA;08;5;
70198;COOPERATIVA DE SERVICIOS DE TRANSPORTE DE PASAJEROS;SERVIPAS;CALLE 102 NO.9909, ENTRE 99 Y 101;28/06/2013;2315;6021;0;151;999;1;CNoA;08;5;
70199;COOPERATIVA MERCADO AGROPECUARIO 21 Y TEJAR;;CALLE 21 Y TEJAR, REPARTO VISTA ALEGRE;28/06/2013;2309;5311;0;313;999;1;CNoA;08;5;
70200;COOPERATIVA MERCADO AGROPECUARIO LAGUERUELA;;CALLE LAGUERUELA ENTRE JORGE Y AVELLANEDA;28/06/2013;2309;5311;0;313;999;1;CNoA;08;5;
70201;COOPERATIVA MERCADO AGROPECUARIO EL AFAN;;CALLE 1RA, S/N ENTRE 2DA Y 3RA, REPARTO AFAN.;28/06/2013;2308;5311;0;313;999;1;CNoA;08;5;
70202;COOPERATIVA MERCADO AGROPECUARIO VERSALLES;;CALLE 172, ESQUINA A 41, LOCALIDAD VERSALLES;28/06/2013;2312;5311;0;313;999;1;CNoA;08;5;
70203;COOPERATIVA MERCADO AGROPECUARIO EL CRIOLLO;;CALZADA DE SAN MIGUEL DEL PADRON ESQUINA A HERMANOS AMEJEIRAS, REPARTO DIEZMERO.;28/06/2013;2308;5311;0;313;999;1;CNoA;08;5;
70204;COOPERATIVA MERCADO AGROPECUARIO EL BOSQUE;;AVE. INDEPENDENCIA ENTRE LINEA DEL FERROCARRIL Y 323, RANCHO BOYEROS;28/06/2013;2313;5311;0;313;999;1;CNoA;08;5;
70205;COOPERATIVA MERCADO AGROPECUARIO 11 Y F;;CALLE 11 ENTRE F Y G, LOCALIDAD LAWTON.;28/06/2013;2309;5311;0;313;999;1;CNoA;08;5;
70206;COOPERATIVA MERCADO AGROPECUARIO LA NUEVA JOYA;;CALLE 250, ENTRE 35 Y 37, LOCALIDAD SAN AGUSTIN;28/06/2013;2312;5311;0;313;999;1;CNoA;08;5;
70207;COOPERATIVA MERCADO AGROPECUARIO EL COMPLACIENTE;;VIA BLANCA ENTRE AVENIDA DE GUANABACOA Y CALLE 10, REPARTO CHIVAS;28/06/2013;2307;5311;0;313;999;1;CNoA;08;5;
70208;COOPERATIVA MERCADO AGROPECUARIO LA ALBORADA;;CALLE A, ENTRE 10 Y 100, REPARTO ALTAHABANA;28/06/2013;2313;5311;0;313;999;1;CNoA;08;5;
70209;COOPERATIVA MERCADO AGROPECUARIO LAS PIEDRAS;;CALLE E S/N, ESQUINA A SEPTIMA;28/06/2013;2313;5311;0;313;999;1;CNoA;08;5;
70210;COOPERATIVA LA CUBANA;;CALLE ZAPATA Y CALLE 22;28/06/2013;2302;5040;0;151;999;1;CNoA;08;5;
70211;COOPERATIVA RECONSTRUCTORA DE VEHICULOS;;VIA BLANCA NO. 575, ENTRE PRIMELLES Y PALATINO;28/06/2013;2310;5040;0;151;999;1;CNoA;08;5;
70212;COOPERATIVA MERCADO AGROPECUARIO LA VICTORIA;;AVE. S/N LINEA DEL FERROCARIL;28/06/2013;2313;5311;0;313;999;1;CNoA;08;5;
70213;COOPERATIVA MERCADO AGROPECUARIO LOS HERMANOS;;CALLE 283, ESQUINA A 270, LOCALIDAD WAJAY;28/06/2013;2313;5311;0;313;999;1;CNoA;08;5;
70214;COOPERATIVA TAXI RUTERO 1;CTR 1;MATADERO NO. 116 ENTRE NUEVA DEL PILAR Y FINAL;28/06/2013;2310;6021;0;151;999;1;CNoA;08;5;
70215;COOPERATIVA JUPITER;;AVE. 23 NO. 1218, ENTRE 12 Y 14.;29/06/2013;2302;5040;0;151;999;1;CNoA;08;5;
70216;COOPERATIVA NO AGROPECUARIA DE CONSTRUCCION Y MANTENIMIENTO 50 ANIVERSARIO;;CALLE 124 ENTRE AVE. 65 Y 67 S/N;29/06/2013;2202;4520;0;126;999;1;CNoA;08;5;
70217;COOPERATIVA DE TRANSPORTE DE PASAJEROS ARTEMISA;;CALLE 33 NO. 217 ENTRE 2-A Y 8;29/06/2013;2209;6021;0;151;999;1;CNoA;08;5;
70218;COOPERATIVA TAXI RUTERO 2;CTR 2;CALLE 272, ESQUINA A 27-A, SAN AGUSTIN;29/06/2013;2312;6021;0;151;999;1;CNoA;08;5;
70220;COOPERATIVA DE SERVICIOS DE CONSTRUCCION, TECNICOS-INGENIEROS Y PRODUCCION DE MATERIALES;LA 1RA. DE PLAZA;CALLE 16 NO. 67B, ENTRE LINEA Y 11, LOCALIDAD VEDADO;01/07/2013;2302;4520;0;126;999;1;CNoA;08;5;
70221;COOPERATIVA DE SERVICIOS DE CONSTRUCCION, TECNICOS-INGENIEROS, MATENIMIENTO Y MONTAJE;BUENA VISTA;CALLE VIRTUDES, NO. 676 APTO. 12, ENTRE BELASCOAIN Y GERVASIO;01/07/2013;2303;4520;0;126;999;1;CNoA;08;5;
70222;COOPERATIVA DE SERVICIOS DE CONSTRUCCION, MANTENIMIENTO Y MONTAJE DE PANELERIA LIGERA;7 DE NOVIEMBRE;CALLE 16 NO. 67B, ENTRE LINEA Y 11, LOCALIDAD VEDADO;01/07/2013;2302;4520;0;126;999;1;CNoA;08;5;
70223;COOPERATIVA NOVEDADES;;CALLE MAYIA RODRIGUEZ Y SANTA CATALINA;01/07/2013;2309;5040;0;313;999;1;CNoA;08;5;
70224;COOPERATIVA LA COMPLACIENTE;;CALLE 26 ENTRE 29 Y 31;01/07/2013;2302;5040;0;313;999;1;CNoA;08;5;
70225;COOPERATIVA DE PRODUCCION DE CERAMICA UTILITARIA Y DECORATIVA DEL MUNICIPIO DE HABANA DEL ESTE;;CALLE SAN LUIS NO. 4, ENTRE SAN MIGUEL Y SAN DIONISIO, LOCALIDAD CELIMAR;10/09/2013;2306;3091;0;102;999;1;CNoA;08;5;
70226;COOPERATIVA CARPINTERIA DECORATIVA;;CALLE 139B, EDIF. 14205, APTO. F, ENTRE 142 Y 146, REPARTO REYNOLD GARCIA;13/09/2013;2501;3910;0;102;999;1;CNoA;08;5;
70227;DECORARTE;;CALLE 36 EDIF. ISABO, APTO. 40, ENTRE 1RA Y AUTOPISTA, VARADERO.;13/09/2013;2502;2421;0;102;999;1;CNoA;08;5;
70228;COOPERATIVA KARABALI;;CALLE 23 NO. 155 ENTRE N Y O, VEDADO.;17/09/2013;2302;5610;0;313;999;1;CNoA;08;5;
70229;COOPERATIVA NO AGROPECUARIA DE CLAVOS PARA HERRAR LOS JIMENEZ;;CALLE 4 DEL SUR NO. 24 ENTRE PASEO MARTI Y 1 DEL ESTE;17/09/2013;2608;3399;0;102;999;1;CNoA;08;5;
70230;MERCADO AGROPECUARIO ESTATAL JUAN DELGADO;;CALLE 6 ESQUINA A 9.;18/09/2013;2401;5311;0;327;999;1;CNoA;08;5;
70231;COOPERATIVA VINOS FAMILIARES DIVINNO;;CALLE ARMENTEROS, NO. 30 M, ENTRE CALZADA DE LUYANO Y LINEA DEL FERROCARRIL.;19/09/2013;2309;1702;0;111;999;1;CNoA;08;5;
70232;COOPERATIVA ORNITOLOGICA DE CUBA VILLA CLARA;;CALLE NAZARENO S/N, ENTRE CARRETERA CENTRAL Y CICLON;19/09/2013;2609;5335;0;131;999;1;CNoA;08;5;
70233;COOPERATIVA ORNITOLOGICA DE CUBA, MATANZAS.;;CALLE 83, NO. 29005, ENTRE 290 Y 292.;20/09/2013;2501;5335;0;131;999;1;CNoA;08;5;
70234;COOPERATIVA TROPICAL 12 Y 21;;CALLE 21 NO. 502 ESQUINA A CALLE 12;23/09/2013;2302;5610;0;313;999;1;CNoA;08;5;
70235;TALLER DE ELECTRONICA HERMANOS CRUZ;;CALLE F, FINAL 12 PLANTAS ENTRE C Y 5TA, REPARTO HERMANOS CRUZ;23/09/2013;2108;5360;0;311;999;1;CNoA;08;5;
70236;COOPERATIVA DE PRIMER GRADO DE RECICLAJES DE DESECHOS DE ESMERALDA;CONARES;CALLE SALVADOR ALLENDE NO.28 ENTRE JOAQUIN DE AGUERO Y PEDRO QUESADA;24/09/2013;3002;3950;0;102;999;1;CNoA;08;5;
70238;COOPERATIVA LAVATIN OK;;CALLE 23 NO. 953-A, ENTRE 2 Y 4, LOCALIDAD VEDADO.;24/09/2013;2302;9901;0;313;999;1;CNoA;08;5;
70239;ATELIER LA MODA SAN LUIS;;CALLE JUANA ROMERO, NO. 82, ENTRE IGNACIO AGRAMONTE Y EMILIO NUÑEZ.;24/09/2013;2109;2010;0;311;999;1;CNoA;08;5;
70240;COOPERATIVA OKINAWA;;CALLE SAN MIGUEL NO. 101 ENTRE INDUSTRIA Y AMISTAD;25/09/2013;2303;5610;0;313;999;1;CNoA;08;5;
70241;COOPERATIVA ORNITOLOGICA DE CUBA SANCTI-SPIRITUS;;CIRCUNVALACION ESQUINA CARLOS ROLOFF;25/09/2013;2807;5335;0;131;999;1;CNoA;08;5;
70242;COOPERATIVA DE PRIMER GRADO DE PRODUCCION DE CONFECCIONES TEXTILES DEL MUNICIPO MARIANAO;;CALLE 132 NO. 5707 ENTRE 57 Y 61;25/09/2013;2311;2010;0;102;999;1;CNoA;08;5;
70243;COOPERATIVA ORNITOLOGICA DE CUBA COC LA HABANA;;CALLE INFANTA NO. 410 ENTRE SAN RAFAEL Y SAN MIGUEL;25/09/2013;2303;5335;0;131;999;1;CNoA;08;5;
70244;COOPERATIVA DE CONSTRUCCION PIRAMIDE;PIRAMIDE;CALLE 9NA. S/N ENTRE 10 Y 11, SANTA MARIA LOMA;25/09/2013;2306;4520;0;126;999;1;CNoA;08;5;
70245;COOPERATIVA DE CONSTRUCCION ARQDECONS;ARQDECONS;CALLE 44 NO. 4116, ENTRE 38 Y 41.;25/09/2013;2301;4520;0;126;999;1;CNoA;08;5;
70246;COOPERATIVA ORNITOLOGICA DE CUBA GRANMA;;CALLE DONATO MARMOL, NO.157, ENTRE CANDUCHA FIGUEREDO Y PARADA, LOCALIDAD SAN JUAN;26/09/2013;3304;5335;0;131;999;1;CNoA;08;5;
70247;COOPERATIVA DE PRODUCCION Y REPARACION DE CALZADO Y ARTICULOS DE TALABARTERIA DEL MUNICIPIO LA LISA;;AVE. 63 A NO. 20808, ENTRE 208 Y 212;26/09/2013;2312;2120;0;102;999;1;CNoA;08;5;
70248;COOPERATIVA CONFECCIONES OPINA;;CALLE REINA NUMEROS 465-467 BAJOS, ENTRE GERVASIO Y BELASCOAIN;26/09/2013;2303;2010;0;313;999;1;CNoA;08;5;
70249;RESTAURANT CIELO AZUL COOPERATIVA;;CALLE REAL, NO. 10, ENTRE LOS CAMINOS A LOS POBLADOS CUBA NUEVA Y LAS OVAS.;26/09/2013;2108;5610;0;311;999;1;CNoA;08;5;
70250;CONFECCIONES MODEL;;CALLE SAN RAFAEL NUMEROS 613 Y 615, ENTRE GERVASIO Y BELASCOAIN;26/09/2013;2303;2010;0;313;999;1;CNoA;08;5;
70251;COOPERATIVA ORNITOLOGICA DE CUBA, SANTIAGO DE CUBA;;CALLE ENRAMADA, NO. 512, ENTRE RELOJ Y SAN AGUSTIN;26/09/2013;3406;5335;0;131;999;1;CNoA;08;5;
70252;COOPERATIVA ORNITOLOGICA DE CUBA IMPORTADORA EXPORTADORA;COCIMPEX;CALLE VICTORIA NO. 11609 ENTRE AMERICA Y FLORIDA, REPARTO MARTI;27/09/2013;2310;5120;0;131;999;1;CNoA;08;5;
70253;COOPERATIVA DE CONSTRUCCION COREMA;COREMA;AVENIDA DE LOS APOSTOLES NO. 132, ENTRE NARANJITO Y A, REPARTO LOS PINOS.;27/09/2013;2314;4520;0;126;999;1;CNoA;08;5;
70254;COOPERATIVA DE CONSTRUCCION 5 DE DICIEMBRE, COSIC;;CALLE NOVENA, S/N, ENTRE 160 A Y 160 E, ZONA 11, LOCALIDAD ALAMAR;27/09/2013;2306;4520;0;126;999;1;CNoA;08;5;
70255;COOPERATIVA TALLER POLI SERVICIOS GERONA;;CALLE 35, ENTRE 22 Y 24, NUEVA GERONA;27/09/2013;4001;5360;0;325;999;1;CNoA;08;5;
70256;COOPERATIVA INDUSTRIAS PURITA;;CALLEJÓN DOLORES ENTRE 1 Y FINAL, REPARTO DOLORES;30/09/2013;2308;1549;0;111;999;1;CNoA;08;5;
70257;ORNITOLOGICA DE CUBA PINAR DEL RIO;;CALLE GERARDO MEDINA NO. 52 ENTRE ADELA AZCUY E ISIDRO DE ARMAS;30/09/2013;2108;5335;0;131;999;1;CNoA;08;5;
70258;CLAVEL COOPERATIVA;;CALLE FRANK PAIS, NO. 244, ENTRE LA AVENIDA RAFAEL FERRO Y LA CALLE B, REPARTO CINCO DE SEPTIEMBRE;30/09/2013;2108;5610;0;311;999;1;CNoA;08;5;
70259;TALLER DE REPARACION DE CALZADO ESTRELLA ROJA;;CALLE MAXIMO GOMEZ, NO. 60, ENTRE ISABEL RUBIO Y COLON;30/09/2013;2108;5360;0;311;999;1;CNoA;08;5;
70260;COOPERATIVA DE INSTITUTO DE SALUD Y BELLEZA BELLA II;;CALLE CALZADA NO. 709 ENTRE PASEO Y A;30/09/2013;2302;9902;0;313;999;1;CNoA;08;5;
70261;COOPERATIVA ORNITOLOGICA DE CUBA ARTEMISA;;CALLE 86 NO. 8508 ENTRE 85 Y 87;30/09/2013;2207;5335;0;131;999;1;CNoA;08;5;
70262;COOPERATIVA DE MONTAJE, MANTENIMIENTO Y REPARACION DE EQUIPOS DE PESAJE;;CALLE 76 NO. 2131, ENTRE 21 Y 23;30/09/2013;2301;3712;0;102;999;1;CNoA;08;5;
70263;COOPERATIVA ORNITOLOGICA DE CUBA, CAMAGUEY;;AVE. AMALIA SIMONI S/N, ENTRE GENERAL GOMEZ Y PROLONGACION DE PADRE VALENCIA;30/09/2013;3008;5335;0;131;999;1;CNoA;08;5;
70264;COOPERATIVA ORNITOLOGICA DE CUBA CIENFUEGOS;;AVE. 52 NO. 3307 ENTRE 33 Y 35.;30/09/2013;2707;5335;0;131;999;1;CNoA;08;5;
70265;EL MILLAR;;CALLE 33 NO. 4007 ANTRE 40 Y 42;01/10/2013;2209;5610;0;326;999;1;CNoA;08;5;
70266;COOPERATIVA ORNITOLOGICA DE CUBA CIEGO DE AVILA;COC CIEGO DE AVILA;CALLE CHICHO TORRES NO. 71, ENTRE MACEO Y HONORATO DEL CASTILLO;02/10/2013;2908;5335;0;131;999;1;CNoA;08;5;
70267;COOPERATIVA ORNITOLOGICA DE CUBA HOLGUIN;;CALLE MARTINES NO. 156 ENTRE ARICOCHEA Y LUZ CABALLERO;02/10/2013;3206;5335;0;131;999;1;CNoA;08;5;
70268;COOPERATIVA ORNITOLOGICA DE CUBA, MAYABEQUE;COC MAYABEQUE;AVE. 81 NO. 9414, ENTRE 94 Y 98;02/10/2013;2408;5335;0;131;999;1;CNoA;08;5;
70269;COOPERATIVA NO AGROPECUARIA KASTLE;;CALLE MARINO, NO. 853, ENTRE TALLERES Y SANTA ANA;03/10/2013;2302;3940;0;242;999;1;CNoA;08;5;
70270;COOPERATIVA DE SERVICIOS TECNICOS DEL MUNICIPIO DIEZ DE OCTUBRE;;CALLE SANTOS SUAREZ NO. 65 ESQUINA A RABI;03/10/2013;2309;3426;0;102;999;1;CNoA;08;5;
70271;COOPERATIVA NO AGROPECUARIA DE PRODUCCION Y RESTAURACION DE MUEBLES  E INMUEBLES;;CALLE JOAQUIN PEREZ, NO. 9-A, ENTRE CAMILO CIENFUEGOS Y RAFAEL TREJO;03/10/2013;2104;3910;0;311;999;1;CNoA;08;5;
70272;COOPERATIVA DE CONSTRUCCION DECONST;DECONST;VIA RÁPIDA E/ LAS CALLES 11 Y 12, OFICINA 14, LOCALIDAD SANTA MARTA;03/10/2013;2502;4520;0;126;999;1;CNoA;08;5;
70273;COOPERATIVA ORNITOLOGICA DE CUBA ISLA DE LA JUVENTUD;;CALLE 45, S/N, ENTRE 50 Y 52, REPARTO 26 DE JULIO, NUEVA GERONA;04/10/2013;4001;5335;0;131;999;1;CNoA;08;5;
70274;COOPERATIVA INSTITUTO DE BELLEZA LA ELEGANCIA;;CALLE INDEPENDENCIA, BULEVAR, S/N ENTRE MACEO Y SIMON REYES;04/10/2013;2908;9902;0;318;999;1;CNoA;08;5;
70275;COOPERATIVA CIRCULO SOCIAL EL ASIENTO;;COMUNIDAD EL ASIENTO.;04/10/2013;2901;5610;0;318;999;1;CNoA;08;5;
70276;COOPERATIVA NO AGROPECUARIA DE PRIMER GRADO COMBINADO INDUSTRIAL PINAR DEL RIO;;EL CONSTRUCTOR NO. 72 CALLEJON SAN MATEO E ISABEL RUBIO, ZONA INDUSTRIAL SIETE MATAS;07/10/2013;2108;3910;0;311;999;1;CNoA;08;5;
70277;COOPERATIVA NO AGROPECUARIA DE PRODUCCION Y SERVICIOS FRANCISCO HERNANDEZ MACURAN;;CALLE LUCRECIO ACANDA S/N, LAS MARTINAS;07/10/2013;2101;3910;0;311;999;1;CNoA;08;5;
70278;COOPERATIVA DE PRIMER GRADO DE PRODUCCION Y REPARACION DE MUEBLES DEL MUNICIPIO GUINES;;AVE. 85 NO. 12411 ENTRE 77 Y 124;09/10/2013;2408;3910;0;102;999;1;CNoA;08;5;
70279;COOPERATIVA DE CONSTRUCCION TIEMPOS NUEVOS;;CALLE BEMBETA NO. 718 ENTRE PADRE VALENCIA Y GENERAL GOMEZ;11/10/2013;3008;4520;0;126;999;1;CNoA;08;5;
70280;COOPERATIVA ORNITOLOGICA DE CUBA, LAS TUNAS;;CALLE FRANCISCO VARONA NO. 339 ENTRE LUCAS ORTIZ Y LICO CRUZ;11/10/2013;3105;5335;0;131;999;1;CNoA;08;5;
70281;COOPERATIVA DE CONSTRUCCION SAGEBIEN;;CALLE 292, NÚMERO 9303, ENTRE CALLE 97 Y CALLE 93;14/10/2013;2501;4520;0;126;999;1;CNoA;08;5;
70282;COOPERATIVA ORNITOLOGICA DE CUBA GUANTANAMO;;CALLE LOS MACEO NO. 1074, ENTRE DONATO MARMOL Y BERNABE VARONA;14/10/2013;3509;5335;0;131;999;1;CNoA;08;5;
70283;COOPERATIVA DE CONSTRUCCION 28 DE ENERO;;CALLE COLÓN NÚMERO 1752 ENTRE RAMBLA Y VICTORIA, REPARTO MARTÍ;15/10/2013;2310;4520;0;126;999;1;CNoA;08;5;
70284;COOPERATIVA DE CONSTRUCCION, ANDAMIOS Y COFRES;SANCOF;CALLE 192 NO. 15302, APTO. 2 ENTRE 151 Y 155, PISO 2, REPARTO IGLESIAS;25/10/2013;2501;4520;0;126;999;1;CNoA;08;5;
70285;COOPERATIVA DE CONSTRUCCION VERANES;;CALLE 6 NO. 359 INTERIOR, ENTRE LAS CALLES 13 Y 15, REPARTO VISTA ALEGRE;18/11/2013;3406;4520;0;126;999;1;CNoA;08;5;
70286;LA CONCORDIA;;CALLE 155 NO. 4 ENTRE 190 Y 192, REPARTO IGLESIAS;06/12/2013;2501;4520;0;126;999;1;CNoA;08;5;
70287;COOPERATIVA DE CONSTRUCCION SACHA & M;;CALLE PLACIDO NO. 24, ENTRE AUGUSTO GUARDIOLA Y CANDIDO CALDERON;06/12/2013;2807;4520;0;126;999;1;CNoA;08;5;
70288;COOPERATIVA DE CONSTRUCCION INGENIERIA EXTREMA;;CALLE PASTORA, NO. 2901 ENTRE REFORMA Y ZAMBRANA, LOCALIDAD ANTONIO MACEO;09/12/2013;2310;4520;0;126;999;1;CNoA;08;5;
70289;COOPERATIVA DE CONSTRUCCION A CORAZON LIMPIO;COMIXVAR;VÍA RÁPIDA SIN NÚMERO ENTRE CALLE 11 Y CALLE 12, SANTA MARTHA;10/12/2013;2502;4520;0;126;999;1;CNoA;08;5;
70290;COOPERATIVA DE CONSTRUCCION CUBANA;CCC;CALLE TERCERA NO. 9604 ENTRE 96 y 96A;11/12/2013;2301;4520;0;126;999;1;CNoA;08;5;
70291;COOPERATIVA DE CONSTRUCCION CUESTA;TRIPLE C;CALLE 18 B, NO. 863, ENTRE ESTERO Y ARROYO;12/12/2013;2502;4520;0;126;999;1;CNoA;08;5;
70292;COOPERATIVA DE MERCADO MAYORISTA DE ABASTO DE PRODUCTOS AGROPECUARIOS EL TRIGAL;;CALLE COSTA COSTA NO. 10031, ENTRE LINDERO Y ARDAY;12/12/2013;2313;5120;0;313;999;1;CNoA;08;5;
70293;COOPERATIVA NO AGROPECUARIA CASA COLONIAL;;CALLE MAXIMO GOMEZ, NO. 109, ENTRE LA CALLE COLON Y LA AVE. RAFAEL FERRO;16/12/2013;2108;5311;0;311;999;1;CNoA;08;5;
70294;COOPERATIVA LA DIVINA PASTORA;;FORTALEZA DE SAN CARLOS DE LA CABAÑA, PARQUE MORRO-CABAÑA, CARRETERA DE LA CABAÑA;20/12/2013;2306;5610;0;271;999;1;CNoA;08;5;
70295;COOPERATIVA CAFETERIA EL ABORIGEN;;CALLE CUBA NO. 595 ENTRE ALEJANDRO OMS Y BARCELONA, REPARTO PASTORA;23/12/2013;2609;5610;0;315;999;1;CNoA;08;5;
70296;EL RUANDA;;CALLE 33 NO. 4811, ENTRE 48 Y 50;24/12/2013;2209;5610;0;326;999;1;CNoA;08;5;
70297;COOPERATIVA LA RAGAZZA;;CALLE MACEO NO. 64 ENTRE GENERAL GOMEZ E IGNACIO AGRAMONTE;24/12/2013;3008;5610;0;319;999;1;CNoA;08;5;
70298;COOPERATIVA PINOS ALTOS;;AVENIDA 5 DE SEPTIEMBRE, ESQUINA A CALLE 51-A;26/12/2013;2707;5610;0;316;999;1;CNoA;08;5;
70299;COOPERATIVA EL JARDIN;;CALLE LINEA NO. 602 BAJOS ESQUINA A C;07/01/2014;2302;5610;0;313;999;1;CNoA;08;5;
70301;COOPERATIVA DE CONSTRUCCION ARCONST;;CALLE G, NÚMERO 102, APARTAMENTO 4 A, ENTRE QUINTA Y AVENIDA CALZADA, VEDADO;09/01/2014;2302;4520;0;126;999;1;CNoA;08;5;
70302;COOPERATIVA METALES CALFLAT;;MURALLA NO. 67 ENTRE OFICIOS E INQUISIDOR;09/01/2014;2304;3399;0;306;999;1;CNoA;08;5;
70303;COOPERATIVA MULTISERVICIOS DE LA CONSTRUCCION;CMC;CALLE MARTI NO. 481 B ENTRE MACEO Y ARANGUREN;09/01/2014;2314;4520;0;126;999;1;CNoA;08;5;
70304;COOPERATIVA DE CONSTRUCCION GRUPO K Y D;;CALLE D NO. 413 SOTANO, ENTRE LAS CALLES 17 Y 19 PLAZA;09/01/2014;2302;4520;0;126;999;1;CNoA;08;5;
70305;COOPERATIVA DE CONSTRUCCION Y RESTAURACION HACHEM JIREH;;CALLE JOSEFINA NO. 560 ENTRE FINLAY Y ANITA, LOCALIDAD SEVILLANO;13/01/2014;2309;4520;0;126;999;1;CNoA;08;5;
70306;COOPERATIVA DE VIDRIERIA VITRIA;VITRIA;VILLEGAS NO. 414 ENTRE TENIENTE REY Y MURALLA;14/01/2014;2304;3010;0;306;999;1;CNoA;08;5;
70307;COOPERATIVA DE PRIMER GRADO DE SERVICIOS DE MONTAJE, MANTENIMIENTO Y REPARACION DE CARPINTERIA DEL MUNICIPIO BOYEROS, 2M Y R;;CALLE 271 NO. 19016, ENTRE 184 Y 190, REPARTO RIO VERDE;16/01/2014;2313;3311;0;102;999;1;CNoA;08;5;
70308;COOPERATIVA DE CONSTRUCCION CON TODOS Y PARA EL BIEN DE TODOS;;AVENIDA 107 NO. 9030, ENTRE 20 Y 22, REPARTO SIERRA MAESTRA;16/01/2014;2313;4520;0;126;999;1;CNoA;08;5;
70309;COOPERATIVA DE CONSTRUCCION ACEMOS;;CALLE PASAJE B, NO. 22 ALTOS ENTRE SAN MARIANO Y VISTA ALEGRE, LOCALIDAD VIBORA;17/01/2014;2309;4520;0;126;999;1;CNoA;08;5;
70310;COOPERATIVA DE CONSTRUCCION Y MONTAJE DE ESTRUCTURAS, JM GALARDI;;CALLE LUCENA NO. 313 ENTRE SAN RAFAEL Y SAN MIGUEL;24/01/2014;2303;4520;0;126;999;1;CNoA;08;5;
70311;COOPERATIVA DE CONSTRUCCION ADOQUIN;;CALLE 82 B NÚMERO 710, ENTRE 7MA Y 7-A, MIRAMAR;29/01/2014;2301;4520;0;126;999;1;CNoA;08;5;
70312;COOPERATIVA DE PRODUCCION DE MATERIALES DE CONSTRUCCION KB-BLOQUIN;;CALLE 128 NO. 12813, ENTRE 37 Y 39;31/01/2014;2311;3195;0;126;999;1;CNoA;08;5;
70313;COOPERATIVA NO AGROPECUARIA DE PRIMER GRADO UNIDAD EL PUENTE;;CALLE 4 ESTE ENTRE PRADO Y AGUILERA;31/01/2014;3509;5610;0;324;999;1;CNoA;08;5;
70314;COOPERATIVA DE SERVICIO GASTRONOMICO EL POTIN;;CALLE LINEA, NO. 709 ESQ. PASEO, LOCALIDAD VEDADO;04/02/2014;2302;5610;0;313;999;1;CNoA;08;5;
70315;COOPERATIVA DE SERVICIO GASTRONOMICO EL CARMELO;;CALLE CALZADA, NO. 515 ENTRE D Y E, VEDADO;04/02/2014;2302;5610;0;313;999;1;CNoA;08;5;
70316;COOPERATIVA BAR GUAYABAL;;CALLE ZULUETA NO. 510, ENTRE DRAGONES Y MONTE;04/02/2014;2304;5610;0;313;999;1;CNoA;08;5;
70317;COOPERATIVA DE CONSTRUCCION COCORE;;CALLE ESTRELLA NO. 67, APTO. 5 ENTRE AGUILA Y ANGELES;05/02/2014;2303;4520;0;126;999;1;CNoA;08;5;
70318;COOPERATIVA DE CONSTRUCCION CASIGUA AMBIENTE;;CALLE 114 APTO 153 ENTRE 5TA Y 5TA A;07/02/2014;2301;4520;0;126;999;1;CNoA;08;5;
70319;COOPERATIVA DE CONSTRUCCION CONSTRUCTEC;;CARRETERA DE VERTIENTES KM 4, ISABEL HORTENSIA;11/02/2014;3008;4520;0;126;999;1;CNoA;08;5;
70320;COOPERATIVA DE CONSTRUCCION SORRIBA PEREZ;;CALLE SAN FERNANDO NUMERO 2 ENTRE CORONA Y PADRE OLALLO;13/02/2014;3008;4520;0;126;999;1;CNoA;08;5;
70321;COOPERATIVA DE CONSTRUCCION RECONST;;CALLE RAFAEL AGUILA FINAL;18/02/2014;2504;4520;0;126;999;1;CNoA;08;5;
70322;COOPERATIVA DE CONSTRUCCION, LA ESTRELLA CDIPPMAT;;CALLE PEATONAL 4 NO. 16 ENTRE LAS CALLES 11 Y 12;18/02/2014;2512;4520;0;126;999;1;CNoA;08;5;
70323;COOPERATIVA DE CONSTRUCCION LOS SEIS;;AVENIDA ZAPATA NO. 1456-A, ENTRE A Y B;19/02/2014;2302;4520;0;126;999;1;CNoA;08;5;
70324;COOPERATIVA LA COCINITA;;CALLE 39 A, ESQUINA A 18, NUEVA GERONA;21/02/2014;4001;5610;0;325;999;1;CNoA;08;5;
70325;COOPERATIVA DE CONSTRUCCION EVEREST;;CALLE 74 NO. 6111 ENTRE 61 Y LINDERO, LOCALIDAD ALTURAS DE BELEN;05/03/2014;2311;4520;0;126;999;1;CNoA;08;5;
70326;COOPERATIVA DE CONSTRUCCION Y MANTENIMIENTO DE OBRAS, COCOMO LA TRINIDAD;;CALLE B NO. 68, ENTRE SEGUNDA Y TERCERA, REPARTO LA PURISIMA;07/03/2014;2806;4520;0;126;999;1;CNoA;08;5;
70327;COOPERATIVA CONSTRUCCIONES TRINIDAD;;CALLE CARLOS ECHENAGUSIA PEÑA NO. 4, ENTRE SIMON BOLIVAR Y FRANCISCO JAVIER ZERQUERA;07/03/2014;2806;4520;0;126;999;1;CNoA;08;5;
70328;COOPERATIVA EL BIKY;;AVENIDA INFANTA NO. 412 ENTRE SAN LAZARO Y CONCORDIA;10/03/2014;2303;5610;0;313;999;1;CNoA;08;5;
70329;COOPERATIVA DE PRODUCCION DE BLOQUES FERCAM;;CALLE QUINTA A, NO. 4415, ENTRE 44 Y 60;18/03/2014;2301;3195;0;126;999;1;CNoA;08;5;
70330;COOPERATIVA NO AGROPECUARIA LA UNIDAD LA POPULAR;;CALLE MARTI NO. 51, ESQUINA CERVANTES;18/03/2014;3206;5610;0;321;999;1;CNoA;08;5;
70331;COOPERATIVA LA RANCHUELERA;;CALLE ANTONIO GUITERAS NO. 11, ENTRE LUZ CABALLERO Y MAXIMO GOMEZ;19/03/2014;2807;5610;0;317;999;1;CNoA;08;5;
70332;COOPERATIVA CONSTRUCTORA BRICONS;;CALLE M, NÚMERO 51 APARTAMENTO 46, ENTRE LAS CALLES 11 Y 13, VEDADO;20/03/2014;2302;4520;0;126;999;1;CNoA;08;5;
70333;COOPERATIVA RESTAURANTE EL POLLITO;;AVENIDA FINLAY NO. 126 KM 5½;21/03/2014;3008;5610;0;256;999;1;CNoA;08;5;
70334;COOPERATIVA RESTAURANTE VARSOVIA;;CALLE 17 NO. 1011, BAJOS ENTRE 10 Y 12, LOCALIDAD VEDADO;24/03/2014;2302;5610;0;313;999;1;CNoA;08;5;
70335;LA VICTORIA;;AVE. ROBERTO REYES, S/N ENTRE JUAN SOSA Y CARRETERA CENTRAL OESTE;27/03/2014;3105;5610;0;320;999;1;CNoA;08;5;
70336;COOPERATIVA DE COCHES COLONIALES EL CARRUAJE;EL CARRUAJE;DIARIA S/N, ENTRE FIGURA Y CHAMORRO;01/04/2014;2304;6022;0;306;999;1;CNoA;08;5;
70337;COOPERATIVA EL TOCORORO;;CARRETERA CENTRAL, VIA SANTIAGO DE CUBA, KM 1, VIVIENDAS CAMPESINAS;01/04/2014;3304;5610;0;256;999;1;CNoA;08;5;
70338;COOPERATIVA LA BODEGA;;PLAZA DEL HIMNO, NO. 34, REPARTO EL CRISTO;03/04/2014;3304;5610;0;256;999;1;CNoA;08;5;
70339;COOPERATIVA TABERNA LA RUINA;;CALLE EMILIO GIRO S/N, ESQUINA A CALIXTO GARCIA;03/04/2014;3509;5610;0;256;999;1;CNoA;08;5;
70340;RESTAURANTE ZUNZUN;;AVE. MANDULEY NO. 159, ENTRE QUINTA Y SEPTIMA, RPTO VISTA ALEGRE;11/04/2014;3406;5610;0;256;999;1;CNoA;08;5;
70341;COOPERATIVA LOS GIRASOLES;;CALLE AHOGADOS NO. 605 ESQ. 15 NORTE, REPARTO CARIBE;23/04/2014;3509;5610;0;256;999;1;CNoA;08;5;
70343;LA LEGUA;;AUTOPISTA NACIONAL, KM 302;29/04/2014;2608;5610;0;256;999;1;CNoA;08;5;
70344;COOPERATIVA BIENMESABE;;CALLE 152 NO. 312, ENTRE TERCERA Y QUINTA, RPTO NAUTICO;30/04/2014;2301;5610;0;256;999;1;CNoA;08;5;
70345;COOPERATIVA DE CONSTRUCCION CASA CONSTRUCTORA SAYLA;;CALLE 50 NO. 3705, APTO. 8, ENTRE 37 Y 39;05/05/2014;2301;4520;0;126;999;1;CNoA;08;5;
70346;COOPERATIVA LA CASONA DE 17;;CALLE 17 NO. 60 ENTRE M Y N;06/05/2014;2302;5610;0;256;999;1;CNoA;08;5;
70347;COOPERATIVA LA CROQUETERA;;CALLE GENERAL GARCIA NO. 153, ENTRE PERUCHO FIGUEREDO Y GENERAL LORA;14/05/2014;3304;5610;0;322;999;1;CNoA;08;5;
70348;COOPERATIVA DE SERVICIOS DE CHAPISTERIA, PINTURA Y TAPICERIA DEL WAJAY, AUTOCHAPT;;CALLE 247 NO. 24318 ENTRE AVE. 26 DE JULIO Y LINDERO, RPTO. ABEL SANTA MARIA;14/05/2014;2313;5040;0;126;999;1;CNoA;08;5;
70349;COOPERATIVA CASTELL NUOVO;;AVENIDA PRIMERA Y CALLE 11, VARADERO;19/05/2014;2502;5610;0;256;999;1;CNoA;08;5;
70351;COOPERATIVA CONSTRUCCIONES SANTA FE;;CALLE A, NÚMERO 19616, ENTRE LA AVENIDA INDEPENDENCIA Y LA LÍNEA DEL FERROCARRIL, REPARTO ARMADA;09/06/2014;2310;4520;0;126;999;1;CNoA;08;5;
70352;COOPERATIVA EL MODELO;;CALLE 42 NO. 2702, ENTRE 27 Y 29;12/06/2014;2301;5610;0;313;999;1;CNoA;08;5;
70353;LA RUEDA;;CALLE MONTENEGRO S/N, ESQ. A CALLE PRIMERA, LOCALIDAD SIBONEY;16/06/2014;3406;5610;0;256;999;1;CNoA;08;5;
70354;COOPERATIVA NO AGROPECUARIA CAFE PINAR;;CALLE GERARDO MEDINA, NO. 32, ENTRE LAS CALLES ISIDRO DE ARMAS Y ANTONIO RUBIO;20/06/2014;2108;5610;0;256;999;1;CNoA;08;5;
70355;COOPERATIVA DE ARTESANIA DEL MARMOL LA MARIPOSA;;MICRO 2, CENTRO URBANO ABEL SANTA MARIA;25/06/2014;3406;3099;0;126;999;1;CNoA;08;5;
70356;COOPERATIVA DE CONSTRUCCION ALLEN Y ASOCIADOS;A&A;CALLE 86 NO. 4106, APTO. 4, ENTRE 41 Y 43;30/06/2014;2311;4520;0;126;999;1;CNoA;08;5;
70357;COOPERATIVA LA CONCHA;;CARRETERA CENTRAL ESQUINA DANIELITO;02/07/2014;2609;5610;0;256;999;1;CNoA;08;5;
70358;COOPERATIVA LA ESPERANZA;;CALLE MARTI NO.112, ENTRE B Y C;16/07/2014;2805;2920;0;102;999;1;CNoA;08;5;
70359;COOPERATIVA DE RECUPERACION DE DESECHOS DEL MUNICIPIO DE NUEVITAS;;CALIXTO GARCIA NO. 2 ENTRE SANCHEZ DOLLS Y MARTI;17/07/2014;3005;3950;0;102;999;1;CNoA;08;5;
70360;COOPERATIVA HANOI;;CALLE QUINTA-G, ENTRE 160 Y 160-C, ZONA 6, LOCALIDAD ALAMAR;18/07/2014;2306;5610;0;256;999;1;CNoA;08;5;
70361;COOPERATIVA DE PRODUCCION Y COMERCIALIZACION DE ARTICULOS DECORATIVOS A-TRES;;CALLE RIO, NO. 29822, ENTRE AMERICA Y DOS DE MAYO;21/07/2014;2501;3399;0;102;999;1;CNoA;08;5;
70362;COOPERATIVA DE PRODUCCION DE BLOQUES, BLOMAX;;CALLE 38 NO. 4720 ENTRE 47 Y 40;28/07/2014;2301;3195;0;126;999;1;CNoA;08;5;
70363;COOPERATIVA DE CONSTRUCCION SEGUNDA VILLA;;CALLE FERNANDO ECHENIQUE, NO. 10-B ENTRE CARRETERA CENTRAL Y CALLE REYNERIO RODRIGUEZ, LOCALIDAD PEDRO POMPA;30/07/2014;3304;4520;0;126;999;1;CNoA;08;5;
70364;COOPERATIVA DE PRODUCCION DE MATERIALES DE CONSTRUCCION SAM;;CALLE MARIANA GRAJALES, NO. 34 ALTOS ENTRE CALLE REYNERIO RODRIGUEZ Y CARRETERA CENTRAL VIA HOLGUIN, LOCALIDAD PEDRO POMPA;30/07/2014;3304;3195;0;126;999;1;CNoA;08;5;
70365;COOPERATIVA DE PRODUCCION Y COMERCIALIZACION DE ARTICULOS DECORATIVOS, ARTENUEVO;;VISTA ALEGRE, NO. 465, PLAYA LARGA;01/08/2014;2502;3399;0;102;999;1;CNoA;08;5;
70366;CIRCULO SOCIAL GUANAJAY;;AVE. 63 S/N ENTRE 66 Y 68;08/08/2014;2203;5610;0;326;999;1;CNoA;08;5;
70367;EL BOSQUE;;AVE. 63 S/N, ESQUINA 62;08/08/2014;2203;5610;0;326;999;1;CNoA;08;5;
70368;COOPERATIVA NO AGROPECUARIA GENETICO DEL OESTE;;CALLE 506 NO. 303 ENTRE 3 Y 5;08/08/2014;2204;5610;0;326;999;1;CNoA;08;5;
70369;PONTON;;CALLE 80 S/N ENTRE 71 Y 73;08/08/2014;2203;5610;0;326;999;1;CNoA;08;5;
70370;EL PARQUE;;CALLE 70 S/N ENTRE 61 Y 63;08/08/2014;2203;5610;0;326;999;1;CNoA;08;5;
70371;COOPERATIVA NO AGROPECUARIA LOS DELFINES;;CALLE 166 S/N, FINAL, COMUNIDAD LOS COCOS, BARACOA;08/08/2014;2205;5610;0;326;999;1;CNoA;08;5;
70372;COOPERATIVA DE RECUPERACION DE DESECHOS DEL MUNICIPIO DE MANICARAGUA;;JUAN BRUNO ZAYAS NORTE NO. 138, ENTRE AFRICA NORTE Y AFRICA;11/08/2014;2613;3950;0;102;999;1;CNoA;08;5;
70373;LAS PIEDRAS;;CALLE 70 S/N ENTRE 73 Y 75;11/08/2014;2203;5610;0;326;999;1;CNoA;08;5;
70374;GUARAPERA LAS POZAS;;CALLE REAL, FINCA NO. 103, PUEBLO LAS POZAS;11/08/2014;2201;5610;0;326;999;1;CNoA;08;5;
70375;COOPERATIVA NO AGROPECUARIA LA JUVENTUD;;AVE. 23;11/08/2014;2201;5610;0;326;999;1;CNoA;08;5;
70376;COOPERATIVA NO AGROPECUARIA LA PINARENA;;AVE. 299 S/N, ENTRE 181 Y 183;13/08/2014;2205;5610;0;326;999;1;CNoA;08;5;
70377;COOPERATIVA NO AGROPECUARIA DE PRIMER GRADO DE RECICLAJE DE DESECHOS DE CIRO REDONDO;CONARCR;CARRETERA A MORON S/N, VIA NEREIDA;13/08/2014;2905;3950;0;102;999;1;CNoA;08;5;
70378;COOPERATIVA NO AGROPECUARIA LA GUANABANA;;AVE. 41 NO. 6412 ENTRE 64 Y 66;15/08/2014;2206;5610;0;326;999;1;CNoA;08;5;
70379;COOPERATIVA COENERGY;;CALLE A NÚMERO 324 ENTRE C Y D, REPARTO LAWTON;15/08/2014;2309;4530;0;104;999;1;CNoA;08;5;
70380;COOPERATIVA DE RECUPERACION DE DESECHOS DEL MUNICIPIO DE YARA;;CALLE CARLOS MANUEL DE CESPEDES NO. 132, ENTRE LAS CALLES 20 Y 21;18/08/2014;3305;3950;0;102;999;1;CNoA;08;5;
70381;COOPERATIVA DE IMPERMEABILIZACION ASCU;;CALLE LUCERO NO. 11 ENTRE JOSE MARIA PEREZ Y MARTIRES DE GIRON, RPTO. LAS DELICIAS, MANTILLA;18/08/2014;2314;4540;0;126;999;1;CNoA;08;5;
70382;COOPERATIVA FRUTIHABANA;;CALLE 61 NO. 10008 ENTRE 100 Y 102;19/08/2014;2311;1513;0;111;999;1;CNoA;08;5;
70383;COOPERATIVA NO AGROPECUARIA LAS BRISAS;;AVE. 25 CALLE H, PABLO DE LA TORRIENTE BRAU;22/08/2014;2201;5610;0;326;999;1;CNoA;08;5;
70384;COOPERATIVA NO AGROPECUARIA EL AVION;;AVE. 23 NO. 7208 ENTRE 72 Y 76, RPTO. LA BASE;22/08/2014;2206;5610;0;326;999;1;CNoA;08;5;
70385;COOPERATIVA NO AGROPECUARIA CASA DEL TE;;CALLE 54 NO. 3902 ENTRE 39 Y 41;22/08/2014;2206;5610;0;326;999;1;CNoA;08;5;
70386;COOPERATIVA NO AGROPECUARIA EL LOMBILLO;;AVE. 29 NO. 3823 ENTRE 38 Y 40;22/08/2014;2206;5610;0;326;999;1;CNoA;08;5;
70387;COOPERATIVA NO AGROPECUARIA LA SUPERIOR;;AVE. 35 NO. 7402 ENTRE 74 Y 76;22/08/2014;2206;5610;0;326;999;1;CNoA;08;5;
70388;COOPERATIVA DE RECUPERACION DE DESECHOS DEL MUNICIPIO DE CONTRAMAESTRE;;CALLE 36 S/N, RPTO. 30 DE DICIEMBRE;22/08/2014;3401;3950;0;102;999;1;CNoA;08;5;
70389;COOPERATIVA AMPERYOS;;CALLE B NO. 101 APTO. 41 ENTRE QUINTA Y CALZADA;28/08/2014;2302;4010;0;104;999;1;CNoA;08;5;
70390;COOPERATIVA NO AGROPECUARIA LA TERMINAL;;AVENIDA 23;29/08/2014;2201;5610;0;326;999;1;CNoA;08;5;
70391;COOPERATIVA NO AGROPECUARIA 4 ESQUINA;;AVE. 91 ENTRE 30 Y 32 S/N, VEREDA;29/08/2014;2204;5610;0;326;999;1;CNoA;08;5;
70392;COOPERATIVA NO AGROPECUARIA DON PEPE;;AVE. 49 ENTRE 42 Y 44;29/08/2014;2204;5610;0;326;999;1;CNoA;08;5;
70393;COOPERATIVA DE RECUPERACION DE DESECHOS DEL MUNICIPIO BOYEROS;;CALLE 176 NO. 39312, ENTRE LAS CALLES AVE. 393 Y 395, RPTO. VILLA NUEVA;29/08/2014;2313;3950;0;102;999;1;CNoA;08;5;
70394;COOPERATIVA COSELECTA;;CALLE GOSS NO. 559 ENTRE O´FARRILL Y ACOSTA, RPTO. VIBORA;01/09/2014;2309;4010;0;104;999;1;CNoA;08;5;
70395;COOPERATIVA DE RECUPERACION DE DESECHOS DEL MUNICIPIO DE MELLA;;CALLE E, S/N, REPARTO 13 DE MARZO;02/09/2014;3402;3950;0;102;999;1;CNoA;08;5;
70396;COOPERATIVA NO AGROPECUARIA DE PRIMER GRADO DE RECUPERACION DE DESECHOS DEL MUNICIPIO ANTILLA;;CALLE CARLOS MANUEL DE CESPEDES NO. 155 ENTRE GENERAL NUÑEZ Y 4;04/09/2014;3204;3950;0;102;999;1;CNoA;08;5;
70397;COOPERATIVA DE CONSTRUCCION HORIZONTE;;JESÚS MENÉNDEZ, NÚMERO 15F, ENTRE EDUARDO RAMÓN CHIVÁS Y JULIO ANTONIO MELLA, REPARTO SALAS;04/09/2014;3208;4520;0;126;999;1;CNoA;08;5;
70398;COOPERATIVA DE RECUPERACION DE DESECHOS DEL MUNICIPIO DE TAGUASCO;;CALLE ELADIO FERNANDEZ NO. 88, ENTRE MANUEL ASCUNCE Y CALLE 23;10/09/2014;2803;3950;0;102;999;1;CNoA;08;5;
70399;COOPERATIVA NO AGROPECUARIA SI SE PUEDE;;CALLE 134 S/N ENTRE 249 Y 251, RPTO. NUEVO VEDADO;11/09/2014;2205;5610;0;326;999;1;CNoA;08;5;
70400;COOPERATIVA RESTAURANTE VARCARIBE 36;;AVENIDA PRIMERA NO. 3508, ESQ. 36, VARADERO;11/09/2014;2502;5610;0;256;999;1;CNoA;08;5;
70401;COOPERATIVA DE CONSTRUCCION CABILDO;;BIPLANTA NO. 2 ESCALERA C, APTO. 9, FINCA SAN PABLO, CARRETERA VIEJA A CARDENAS;11/09/2014;2502;4520;0;126;999;1;CNoA;08;5;
70402;COOPERATIVA DE TRATAMIENTO DE SUPERFICIES CCORAL;;CENTRO DE NEGOCIOS SERVINDUS, AUTOPISTA VARADERO-CARDENAS, ENTRE 11 Y 12, SANTA MARTA;11/09/2014;2502;4540;0;126;999;1;CNoA;08;5;
70403;COOPERATIVA SERVICIOS ELECTRONICOS INTEGRALES;;CALLE 12-A, EDIF. 6-A ALTO, ESCALERA 1 ENTRE 47 Y 51, RPTO. BRISAS DEL MAR, MARINA;11/09/2014;2502;5360;0;171;999;1;CNoA;08;5;
70404;COOPERATIVA NO AGROPECUARIA COOPELIA;;AVE. 249 S/N, ENTRE 150 Y 152;12/09/2014;2205;5610;0;326;999;1;CNoA;08;5;
70405;COOPERATIVA NO AGROPECUARIA EL NOCTURNO;;AVE. 89 ENTRE 18 Y 22 NO. 1804, LOS NARANJOS;12/09/2014;2204;5610;0;326;999;1;CNoA;08;5;
70406;COOPERATIVA WAKAMBA;;CALLE O, S/N, ENTRE 23 Y HUMBOLT, LOCALIDAD VEDADO;15/09/2014;2302;5610;0;256;999;1;CNoA;08;5;
70407;COOPERATIVA DE RECUPERACION DE DESECHOS DEL MUNICIPIO DE PALMIRA;;CARRETERA A CRUCES KM 1, ENTRE CALLE 43 Y LIMITE;15/09/2014;2703;3950;0;102;999;1;CNoA;08;5;
70408;COOPERATIVA NO AGROPECUARIA ATELIER LA MODA;;CALLE 33 NO. 4402 ENTRE 44 Y 46;15/09/2014;2209;1921;0;326;999;1;CNoA;08;5;
70409;COOPERATIVA NO AGROPECUARIA LA TERNURA;;AVE. 11 NO. 4602 ENTRE 46 Y 48, CENTRAL;15/09/2014;2204;5610;0;326;999;1;CNoA;08;5;
70410;COOPERATIVA ISRAEL PIZ;;CALLE PRIMERA EDIF. CARLOS CASANOVA, APTO. C-7, ENTRE 12 Y 13, RPTO. CHIBAS;17/09/2014;2307;4010;0;104;999;1;CNoA;08;5;
70411;COOPERATIVA DE RECUPERACION DE DESECHOS DEL MUNICIPIO DE IMIAS;;CALLE J NO. 244 F, REPARTO JESUS LORES;19/09/2014;3506;3950;0;102;999;1;CNoA;08;5;
70412;COOPERATIVA NO AGROPECUARIA EL POLO NORTE;;CALLE 9 NO. 602 ENTRE 6 Y 8, PUERTA DE GUIRA;26/09/2014;2209;5610;0;326;999;1;CNoA;08;5;
70413;COOPERATIVA 3EADN ENERGIA, ECOLOGIA, EFICIENCIA;;CALLE 227 NO. 20608, ENTRE 206 Y 210, LOCALIDAD FRONTANAR;29/09/2014;2313;4010;0;104;999;1;CNoA;08;5;
70414;COOPERATIVA NO AGROPECUARIA EL NURY;;UBIT 0139, PARCELA NO. 32, CONSEJO POPULAR;29/09/2014;2207;5610;0;326;999;1;CNoA;08;5;
70415;COOPERATIVA EL CUBANO;;AVENIDA S/N, ENTRE 454 Y 458, BOCA CIEGA;02/10/2014;2306;5610;0;256;999;1;CNoA;08;5;
70416;COOPERATIVA DE PRODUCCION DE MATERIALES DE CONSTRUCCION JRL & ASOCIADOS;;CALLE BARRETO, NÚMERO 50, ENTRE CORONA Y NAZARENO;06/10/2014;2307;3195;0;126;999;1;CNoA;08;5;
70417;RECUPERACION DE DESECHOS VINALES;;SERGIO DOPICO NO. 16, ENTRE LAS CALLES CAMILO CIENFUEGOS Y RAFAEL TREJO;08/10/2014;2104;3950;0;102;999;1;CNoA;08;5;
70418;COOPERATIVA NO AGROPECUARIA LA ESTRELLA;;CALLE 14 NO. 1504 A ENTRE 15 Y 17, COROJAL.;14/10/2014;2209;5610;0;326;999;1;CNoA;08;5;
70419;COOPERATIVA NO AGROPECUARIA LA ALTURA;;CALLE 27 ENTRE 8 Y 10;14/10/2014;2209;5610;0;326;999;1;CNoA;08;5;
70420;COOPERATIVA NO AGROPECUARIA PROCURA;;CALLE ESTRADA PALMA NO. 64 ENTRE COLON Y LUZ CABALLERO;17/10/2014;2609;7212;0;254;999;1;CNoA;08;5;
70421;COOPERATIVA DAJO;;CALLE HOSPITAL NÚMERO 310 ENTRE NEPTUNO Y CONCORDIA;17/10/2014;2303;9901;0;171;999;1;CNoA;08;5;
70422;COOPERATIVA NO AGROPECUARIA EL CEDRO DEL LIBANO;;CALLE 33 NO. 5202 ENTRE 54 Y 56;20/10/2014;2209;5610;0;326;999;1;CNoA;08;5;
70423;COOPERATIVA NO AGROPECUARIA LA JUGUERA;;AVE. 39 NO. 6818 ENTRE 68 Y 70;21/10/2014;2206;5610;0;326;999;1;CNoA;08;5;
70424;COOPERATIVA NO AGROPECUARIA LA MAS BELLA;;CALLE 33 NO. 4001 ENTRE 40 Y 42;21/10/2014;2209;9902;0;326;999;1;CNoA;08;5;
70425;COOPERATIVA NO AGROPECUARIA LAS FLORES;;CALLE 12 S/N ENTRE 11 Y 13;21/10/2014;2209;5610;0;326;999;1;CNoA;08;5;
70426;COOPERATIVA NO AGROPECUARIA PIJIRIGUA;;CALLE 2 NO. 117 ENTRE 1 Y 7, PIJIRIGUA;21/10/2014;2209;5610;0;326;999;1;CNoA;08;5;
70427;COOPERATIVA NO AGROPECUARIA EL CEBADERO;;CALLE 9 NO. 404 ENTRE 4 Y 6 MANGO DULCE;23/10/2014;2209;5610;0;326;999;1;CNoA;08;5;
70428;COOPERATIVA NO AGROPECUARIA EL ARTE;;AVE. 41 NO. 5821 ENTRE 58 Y 60;24/10/2014;2206;9902;0;326;999;1;CNoA;08;5;
70429;COOPERATIVA NO AGROPECUARIA EL CHALET;;CALLE 1G NO. 5002 ENTRE 50D Y 52;24/10/2014;2209;5610;0;326;999;1;CNoA;08;5;
70430;COOPERATIVA NO AGROPECUARIA LA CREMERIA;;CALLE 34 NO. 3514 ENTRE 35 Y 37;30/10/2014;2210;5610;0;326;999;1;CNoA;08;5;
70431;COOPERATIVA NO AGROPECUARIA EL PRIMOR;;CALLE MACEO ENTRE CAPITAN REYES Y RAFAEL PEÑA;30/10/2014;2211;9902;0;326;999;1;CNoA;08;5;
70432;COOPERATIVA NO AGROPECUARIA RIO HONDO;;CALLE 1RA. NO. 4, ENTRE ANTONIO MACEO Y B;30/10/2014;2211;5610;0;326;999;1;CNoA;08;5;
70433;COOPERATIVA NO AGROPECUARIA LOS PINOS;;FINCA NO 2519 LOS PINOS;31/10/2014;2211;5610;0;326;999;1;CNoA;08;5;
70434;COOPERATIVA NO AGROPECUARIA ANAFE;;AVE. 251 BARRIO ANAFE;03/11/2014;2205;5610;0;326;999;1;CNoA;08;5;
70435;CIRCULO SOCIAL GUAYABAL;;CALLE 74 S/N ENTRE 75 Y 77;04/11/2014;2204;5610;0;326;999;1;CNoA;08;5;
70436;COOPELITA 1;;AVENIDA 31 NO. 4618 ENTRE 46 Y 48;04/11/2014;2210;5610;0;326;999;1;CNoA;08;5;
70437;COOPERATIVA NO AGROPECUARIA CONTADORES DOCTOR ENRIQUE RODRIGUEZ COROMINAS;;CALLE PROLONGACION DE DOBLE VIA NO. 19 ENTRE SANDINO Y LINEA;05/11/2014;2609;7212;0;254;999;1;CNoA;08;5;
70438;COOPERATIVA DE CONSTRUCCION MARCO;;CALLE PRIMERA NO. 17 ½, RPTO. PORTUONDO;12/11/2014;3406;4520;0;126;999;1;CNoA;08;5;
70439;COOPERATIVA NO AGROPECUARIA EL RAPIDITO;;AVE. 91 S/N ENTRE 78 Y 80;17/11/2014;2208;5610;0;326;999;1;CNoA;08;5;
70440;COOPERATIVA DE PRODUCCION DE MATERIALES DE CONSTRUCCION ADIMACC;;AVE. BOYEROS, KM. 2½, ENTRE CARRETERA DEL HUSILLO Y LINEA DEL FERROCARRIL, CONSEJO POPULAR ARMADA;24/11/2014;2310;3195;0;126;999;1;CNoA;08;5;
70441;COOPERATIVA NO AGROPECUARIA BENTRE;;COMUNIDAD BENTRE;03/12/2014;2205;5610;0;326;999;1;CNoA;08;5;
70442;COOPERATIVA NO AGROPECUARIA LAZO DE LA VEGA;;CALLE 37 NO. 15 ENTRE 43 Y 44;03/12/2014;2205;5610;0;326;999;1;CNoA;08;5;
70443;COOPERATIVA NO AGROPECUARIA SCENIUS;;CALLE 44 NO. 2102, APTO. 2, ENTRE 21 Y 23;10/12/2014;2301;7212;0;254;999;1;CNoA;08;5;
70444;COOPERATIVA AMBAR SERVICIOS PROFESIONALES;;CALLE 42, NO 109, APTO. 4, ENTRE PRIMERA Y TERCERA;12/12/2014;2301;7212;0;254;999;1;CNoA;08;5;
70445;COOPERATIVA DE PRODUCCION DE MATERIALES DE CONSTRUCCION ALEXCON;;CALLE CAMINO VIGARIO NO. 32, ENTRE BARRETO Y CALLE A, RPTO. POMO DE ORO;12/12/2014;2307;3195;0;126;999;1;CNoA;08;5;
70446;COOPERATIVA NO AGROPECUARIA LAS DELICIAS;;CALLE 52 NO. 901 ENTRE 9 Y 11;06/01/2015;2209;5610;0;326;999;1;CNoA;08;5;
70447;COOPERATIVA TE QUEDARAS;;CALLE AUTOPISTA NACIONAL KM. 232;07/01/2015;2704;5610;0;256;999;1;CNoA;08;5;
70448;COOPERATIVA NO AGROPECUARIA DE TENEDURIA Y GESTION;;AVE. 67 NO. 12010, APTO. 1, ENTRE 120 Y 122;20/03/2015;2311;7212;0;254;999;1;CNoA;08;5;
70449;COOPERATIVA NO AGROPECUARIA DE CONSTRUCCION SISCON;;CALLE 9NA S/N, ENTRE 1RA Y CENTRAL, RPTO. MI RANCHO;25/03/2015;2206;4520;0;126;999;1;CNoA;08;5;
70450;COOPERATIVA DE CONSTRUCCION G'OBRAS;;CALLE TERCERA D NÚMERO 15215 BAJOS, REPARTO NÁUTICO;02/04/2015;2301;4520;0;126;999;1;CNoA;08;5;
70451;COOPERATIVA ATARDECER;;CALLE MAYIA RODRIGUEZ, NO. 454 ENTRE LAS CALLES CARMEN Y PATROCINIO, RPTO. VIBORA;28/05/2015;2309;9902;0;313;999;1;CNoA;08;5;
70452;COOPERATIVA NO AGROPECUARIA DE GESTION EMPRESARIAL INTEGRAL;;EDIFICIO FOCSA, SITO EN CALLE 17 NO.55 ENTRE M Y N APARTAMENTO 1J, VEDADO;08/07/2015;2302;7212;0;254;999;1;CNoA;08;5;
70453;COOPERATIVA ILUSION;;CALLE SAN LAZARO NO. 875 ENTRE SOLEDAD Y OQUENDO;14/07/2015;2303;9902;0;313;999;1;CNoA;08;5;
70454;COOPERATIVA KALINKA;;CALLE GALIANO NO. 418 BAJO ENTRE SAN RAFAEL Y SAN MIGUEL;10/08/2015;2303;9902;0;313;999;1;CNoA;08;5;
70455;COOPERATIVA SALON CRISTAL;;CALLE 78, EDIF. 20, ENTRE QUINTA A Y QUINTA C, COJIMAR;10/08/2015;2306;9902;0;313;999;1;CNoA;08;5;
70456;COOPERATIVA DE SERVICIOS AUTOMOTRICES;;CALLE 8, ENTRE AVE. 1ERA Y AVE. 3ERA, MIRAMAR;29/09/2015;2301;5040;0;151;999;1;CNoA;08;5;
70457;COOPERATIVA DANUBIO;;AVENIDA 101 NO. 1426, ENTRE LAS CALLES 14 Y 16, RPTO. CENTRO COTORRO;12/10/2015;2315;9902;0;313;999;1;CNoA;08;5;
70458;COOPERATIVA PRIMAVERA;;5TA AVE. NO. 47615 ENTRE 476 Y 478, LOCALIDAD GUANABO;21/10/2015;2306;9902;0;313;999;1;CNoA;08;5;
70459;COOPERATIVA LA MODA;;CALLE 407, NO. 19206, ENTRE LAS CALLES 192 Y 194, LOCALIDAD SANTIAGO DE LAS VEGAS;26/10/2015;2313;9902;0;313;999;1;CNoA;08;5;
70460;COOPERATIVA EL Y ELLA;;CALLE CALZADA, NO. 1153 BAJOS, ENTRE 16 Y 18;13/11/2015;2302;9902;0;313;999;1;CNoA;08;5;
70461;COOPERATIVA ESTILO;;CALLE MACEO NO. 4 ENTRE PEPE ANTONIO Y NAZARENO;13/11/2015;2307;9902;0;313;999;1;CNoA;08;5;
70462;COOPERATIVA CARIDAD 122;;AVENIDA 35 NO. 12202, ENTRE 122 Y 122 A;18/11/2015;2311;5610;0;313;999;1;CNoA;08;5;
70463;COOPERATIVA CASA DIAZ;;CALLE 76 NO. 5117, ENTRE 51 Y 55;18/11/2015;2311;5610;0;313;999;1;CNoA;08;5;
70464;COOPERATIVA ENSUEÑO;;AVENIDA 41 NO. 5836, ENTRE 58-B Y 60, LOCALIDAD CIEBA-KHOLY;18/11/2015;2301;9902;0;313;999;1;CNoA;08;5;
70465;COOPERATIVA SALON VIP;;CALLE PASEO NO. 158-A, BAJOS, ENTRE LINEA Y CALZADA;08/12/2015;2302;9902;0;313;999;1;CNoA;08;5;
70466;COOPERATIVA CASTILLO DE CRISTINA;;CALLE CRISTINA NO. 252 ENTRE CASTILLO Y FERNANDINA;28/12/2015;2304;5610;0;313;999;1;CNoA;08;5;
70467;COOPERATIVA CAFETERIA JUVENTUD;;CALLE 100, ENTRE 31 B Y 33;29/12/2015;2311;5610;0;313;999;1;CNoA;08;5;
70468;COOPERATIVA EL PEKIN;;CALLE 23 NO. 1217, ENTRE 12 Y 14, NUEVO VEDADO;11/01/2016;2302;5610;0;313;999;1;CNoA;08;5;
70469;COOPERATIVA MODAS TERMINAL;;AVENIDA INDEPENDENCIA NO. 101 ESQ. A 19 DE MAYO;01/02/2016;2302;9902;0;313;999;1;CNoA;08;5;
70470;COOPERATIVA ROMANCE;;CALZADA DE MANAGUA, NO. 201, ENTRE MINAS Y SANGUILY, RPTO. LA LIRA;01/02/2016;2314;9902;0;313;999;1;CNoA;08;5;
70471;COOPERTIVA EL CATURRA;;AVENIDA 120 NO. 10116, ENTRE LAS CALLES 101 Y 103, RPTO. CUATRO CAMINOS;01/02/2016;2315;5610;0;313;999;1;CNoA;08;5;
70472;COOPERATIVA SALON FENIX;;CALLE 250, NO. 3510, ENTRE 35 Y 37, RPTO. SAN AGUSTIN;08/02/2016;2312;9902;0;313;999;1;CNoA;08;5;00360
70473;COOPERATIVA OMI BELLEZA;;CALLE MONTE NO. 307, ENTRE REVILLAGIGEDO Y SUAREZ;08/02/2016;2304;9902;0;313;999;1;CNoA;08;5;00360
70474;COOPERATIVA 1RA DE QUIVICAN;;CALLE PARADERO NO. 4, ENTRE CARRETERA WAJAY Y SAN JUAN, RPTO. RINCON;08/02/2016;2313;5610;0;313;999;1;CNoA;08;5;00360
70475;COOPERATIVA VENUS;;AVENIDA 51 NO. 11820, ENTRE 118 Y 120;08/02/2016;2311;9902;0;313;999;1;CNoA;08;5;00360
70476;COOPERATIVA LA CASITA;;CALLE 99 NO. 4203, ENTRE 42 Y 44, RPTO. LA LOTERIA;18/02/2016;2315;5610;0;313;999;1;CNoA;08;5;00360
70477;COOPERATIVA ROSA MARINA;;CALLE 154 S/N, ENTRE 108 Y 110;19/02/2016;2205;5610;0;326;999;1;CNoA;08;5;14114
70478;COOPERATIVA LOS ALMENDROS;;CALZADA DE SAN ANTONIO  NO. 76, ENTRE LAS CALLES LIMA Y SANTA ANA;01/03/2016;2313;5610;0;313;999;1;CNoA;08;5;00360
70479;COOPERATIVA ANGEL DE TEJADILLO;;TEJADILLO NO. 213-A ENTRE AGUACATE Y COMPOSTELA;02/03/2016;2304;5610;0;313;999;1;CNoA;08;5;00360
70480;COOPERATIVA LA FLOTA;;CALLE HABANA NO. 1023, ENTRE DESAMPARADO Y SAN ISIDRO;03/03/2016;2304;5610;0;313;999;1;CNoA;08;5;00360
70481;COOPERATIVA SALON VIRGEN;;CALLE NORIEGA S/N, ESQUINA A CALZADA DE GÜINES, VIRGEN DEL CAMINO;11/03/2016;2308;9902;0;313;999;1;CNoA;08;5;00360
70482;COOPERATIVA 4 PASOS;;AVENIDA 41, NO. 8221 ENTRE 82 Y 84;15/03/2016;2311;5610;0;313;999;1;CNoA;08;5;00360
70483;COOPERATIVA COPITA 51;;AVENIDA 51, NO. 8434 ENTRE 84-A Y 86;28/03/2016;2311;5610;0;313;999;1;CNoA;08;5;00360
70484;COOPERATIVA EL CORAL;;CALLE AGUIAR NO. 529, ENTRE TENIENTE REY Y AMARGURA;30/03/2016;2304;5610;0;313;999;1;CNoA;08;5;00360
70485;COOPERATIVA LA PEQUEÑA;;AVENIDA 229, NO. 22603, ENTRE LAS CALLES 226 Y FINAL, LOCALIDAD FONTANAR;01/04/2016;2313;5610;0;313;999;1;CNoA;08;5;00360
70486;COOPERATIVA PIO LINDO;;CALLE 184, NO. 18221, ENTRE LAS CALLES 405 Y 407, RPTO. VILLANUEVA;13/04/2016;2313;5610;0;313;999;1;CNoA;08;5;00360
70487;COOPERATIVA LA AURORA;;CALLE 126 NO. 5112, ENTRE 51 Y 57;14/04/2016;2311;5610;0;313;999;1;CNoA;08;5;00360
70488;COOPERATIVA SODA 52;;CALLE 52 NO. 1502, ENTRE 15 Y 17, CONSEJO POPULAR 6, AMPLIACION ALMENDARES;19/04/2016;2301;5610;0;313;999;1;CNoA;08;5;00360
70489;COOPERATIVA LA PEÑA;;CALLE HABANA NO. 471 ENTRE SOL Y PORVENIR;06/05/2016;2304;5610;0;313;999;1;CNoA;08;5;00360
70490;COOPERATIVA COOPELITA CENTRAL;;CALLE 122, NO. 1916, ENTRE 119 Y 121;25/05/2016;2311;5610;0;313;999;1;CNoA;08;5;00360
70491;COOPERATIVA EL DRIVERS;;CALLE FABRICA NO. 148 ENTRE VIA BLANCA Y LINEA DEL FERROCARRIL;30/06/2016;2304;5610;0;313;999;1;CNoA;08;5;00360
70492;COOPERATIVA NO AGROPECUARIA LA BONDADOSA;;CALLE 40 ESQUINA 23 REPARTO NUEVO;15/08/2016;2209;5311;0;326;999;1;CNoA;08;5;
70493;COOPERATIVA NO AGROPECUARIA RESTAURANTE - BAR - CAFETERIA VERNISAGGE;;AVENIDA PRIMERA NÚMERO 3508, ESQUINA 36, VARADERO;30/09/2016;2502;5610;;256;999;1;CNoA;08;0;
70494;COOPERATIVA EL NORMA;;CALLE B NO 10406 ENTRE PRIMERA Y SEGUNDA, REPARTO MIRAFLORES NUEVO;12/10/2016;2313;5610;;313;999;1;CNoA;08;5;
70495;COOPERATIVA PARQUE LA COTORRA;;CALLE INDEPENDENCIA, NÚMERO 447, ENTRE MOLINO Y OCTAVA;25/10/2016;2307;5610;;313;999;1;CNoA;08;5;
70496;COOPERATIVA VIÑA REFRESQUITO;;CALLE PEPE ANTONIO NÚMERO 345 ENTRE DOCTOR MORA Y MARTÍN UGARTE;27/10/2016;2307;5610;;313;999;1;CNoA;08;5;
70497;COOPERATIVA LA JUVENIL;;AVENIDA 51 NÚMERO 13003, ENTRE 130 Y 132;21/11/2016;2311;5610;;313;999;1;CNoA;08;5;
70498;COOPERATIVA DURAÑONA;;AVE 51 NO. 11620 ENTRE 116Y 118, MARIANAO;30/11/2016;2311;5610;;313;999;1;CNoA;08;5;
70499;COOPERATIVA EL TESORO;;AVENIDA 51 NÚMERO 12416, ENTRE 124 Y 128;28/12/2016;2311;5610;;313;999;1;CNoA;08;5;
70500;COOPERATIVA HATUEY;;AVENIDA 28 NÚMERO 4101 ENTRE LAS CALLES 39 Y 41;13/01/2017;2301;5610;;313;999;1;CNoA;08;5;
70501;COOPERATIVA PIZZETA DE OBISPO;;CALLE OBISPO NO. 506 ENTRE BERNAZA Y VILLEGAS;25/01/2017;2304;5610;;313;999;1;CNoA;08;5;
70502;COOPERATIVA LE PETIT;;CALLE CUBA NO. 90 ENTRE CHACÓN Y CUARTELES;09/02/2017;2304;5610;;313;999;1;CNoA;08;5;
70503;COOPERATIVA SAYONARA;;CALLE 17, NO. 621, BAJOS, ESQUINA A B;13/02/2017;2302;5610;;313;999;1;CNoA;08;5;
70504;COOPERATIVA LA CUEVITA;;CALLE 23, NÚMERO 1553, ENTRE 26 Y 28;23/02/2017;2302;5610;;313;999;1;CNoA;08;5;
70505;COOPERATIVA 19 DE MAYO;;CALLE 19 DE MAYO, NÚMERO POSTAL 37, BAJOS, ENTRE ALMENDARES Y POZOS DULCES;23/02/2017;2302;5610;;313;999;1;CNoA;08;5;
70506;COOPERATIVA ¨EL RAPIDITO¨;;CALLE 289 NÚMERO 30709 ENTRE 307 Y 309, REPARTO LUGARDITA;06/03/2017;2313;5610;;313;999;1;CNoA;08;5;
70507;COOPERATIVA LA ESPERANZA;;CALLE SEGUNDA, NÚMERO 418, ENTRE LAS CALLES RÍO Y PALMA, REPARTO SANTA FE;05/10/2017;2307;5610;;313;999;1;CNoA;08;5;
70508;COOPERATIVA PAYRET CREAMS;;CALLE SAN JOSÉ NÚMERO 57 ENTRE PRADO Y ZULUETA;07/03/2017;2304;5610;;313;999;1;CNoA;08;5;
70509;COOPERATIVA EL TUTY;;CALLE MONTE NÚMERO 152 ENTRE CIENFUEGOS Y APONTE;10/03/2017;2304;5610;;313;999;1;CNoA;08;5;
70510;COOPERATIVA CRISTAL DE MONTE;;CALLE MONTE NÚMERO 568 ENTRE ANTÓN RECIO Y SAN NICOLÁS;16/03/2017;2304;5610;;313;999;1;CNoA;08;5;
70511;COOPERATIVA EL SALADITO;;CALLE 11, NÚMERO 31, PLANTA BAJA, ENTRE 26 Y 24;17/03/2017;2302;5610;;313;999;1;CNoA;08;5;
70512;COOPERATIVA LA CUMBRE;;AVENIDA PORVENIR NÚMERO 264, ENTRE D Y E;20/03/2017;2309;5610;;313;999;1;CNoA;08;5;
70513;COOPERATIVA LA FRONTERA;;AVENIDA 51 NÚMERO 10021, ENTRE 100 Y 102;22/03/2017;2311;5610;;313;999;1;CNoA;08;5;
70514;COOPERATIVA DELICIAS DE BELÉN;;AVENIDA 41, NÚMERO 5842, ENTRE 58 B Y 60;23/03/2017;2301;5610;;313;999;1;CNoA;08;5;
70515;COOPERATIVA EL BRILLANTE;;CALLE BELASCOAIN NÚMERO 1102 ENTRE MONTE Y SANTA MARTA;03/04/2017;2303;5610;;313;999;1;CNoA;08;5;
70516;COOPERATIVA CASTILLO DE AGUACATE;;CALLE MURALLA, NÚMERO 402, ENTRE AGUACATE Y VILLEGAS;11/04/2017;2304;5610;;313;999;1;CNoA;08;5;
70517;COOPERATIVA FERIA DE 13 Y 60;;CALLE 13 NO. 6001-03-05 ENTRE 60 Y 62;28/03/2017;2301;5311;;313;999;1;CNoA;08;5;
70518;COOPERATIVA CAPDEVILA;;AVENIDA INDEPENDENCIA NO. 15305 ENTRE CALZADA DE VARONA Y CAMINO NUEVO RPTO CAPDEVILA;19/04/2017;2313;5311;;313;999;1;CNoA;08;5;
70519;COOPERATIVA III-VICTORIA;;CALZADA DE DIEZ DE OCTUBRE NO.1016 ENTRE ESTRADA PALMA Y LUIS ESTEVEZ;07/04/2017;2309;5311;;313;999;1;CNoA;08;5;
70520;COOPERATIVA AURORA DE MISIÓN;;CALLE FACTORÍA NÚMERO 252 ENTRE ESPERANZA Y VIVES;27/04/2017;2304;5610;;313;999;1;CNoA;08;5;
70521;COOPERATIVA SAN RAFAEL HT;;CALLE SAN RAFEL NÚMERO 660 ENTRE LAS CALLES LUCENA Y BELASCOAIN;28/04/2017;2303;5610;;313;999;1;CNoA;08;5;
70522;COOPERATIVA EL GALLITO;;AVENIDA SANTA CATALINA, SIN NÚMERO, ENTRE LAS CALLES PÁRRAGA Y FELIPE POEY, REPARTO SANTOS SUÁREZ;28/04/2017;2309;5610;;313;999;1;CNoA;08;5;
70523;COOPERATIVA CASA GRANDE;;CALLE ÁGUILA NÚMERO 501, ENTRE SAN JOSÉ Y BARCELONA;03/05/2017;2303;5610;;313;999;1;CNoA;08;5;
70524;COOPERATIVA DOS HERMANOS;;CALLE 188 NÚMERO 40901 ENTRE LAS CALLES 409 Y 411, REPARTO SANTIAGO DE LAS VEGAS;04/05/2017;2313;5610;;313;999;1;CNoA;08;5;
70525;COOPERATIVA EL MAMEY;;CARRETERA PEÑALVER, NÚMERO 145, ENTRE LAS CALLES AGUIRRE Y CARRETERA VICTORIA II;09/05/2017;2307;5610;;313;999;1;CNoA;08;5;
70526;COOPERATIVA SAN JOSÉ;;AVENIDA 51, NÚMERO 12202, ENTRE 122 Y 124;10/05/2017;2311;5610;;313;999;1;CNoA;08;5;
70527;COOPERATIVA LA CECILIA;;CALLE SAN LÁZARO, NÚMERO 886, ENTRE SOLEDAD Y MARINA;19/05/2017;2303;5610;;313;999;1;CNoA;08;5;
70528;COOPERATIVA EL ILLINOIS;;AVENIDA 51, NÚMERO 5812, ENTRE 58 B Y 54;24/05/2017;2301;5610;;313;999;1;CNoA;08;5;
70529;COOPERATIVA NUEVO TROPICO;;CALLE SANTA ANA, NÚMERO 753, BAJOS, ENTRE FACTOR Y ESTE;07/06/2017;2302;5610;;313;999;1;CNoA;08;5;
70530;COOPERATIVA LA MODERNA;;AVENIDA 51, NÚMERO 8822, ENTRE 88 Y 90;19/06/2017;2311;5610;;313;999;1;CNoA;08;5;
70531;COOPERATIVA CAFÉ LITERARIO;;PEPE ANTONIO NÚMERO 255 ENTRE LAS CALLES MÁXIMO GÓMEZ Y MACEO.;20/06/2017;2307;5610;;313;999;1;CNoA;08;5;
70532;COOPERATIVA BAR DE LA OBRAPÍA;;CALLE OBRAPIA, NÚMERO 315, ENTRE HABANA Y AGUIAR;20/06/2017;2304;5610;;313;999;1;CNoA;08;5;
70533;COOPERATIVA MERCEDES 132;;CALLE 132, NÚMERO 3122, ENTRE 31 Y 33;23/06/2017;2311;5610;;313;999;1;CNoA;08;5;
70534;COOPERATIVA MONTE E INDIO;;CALLE MONTE NÚMERO 415 ENTRE ANGELES Y CALLEJÓN DEL SUSPIRO;28/06/2017;2304;5610;;313;999;1;CNoA;08;5;
70535;COOPERATIVA EL CAREY;;CALLE 70 NÚMERO 1902, ENTRE 19 Y 21;13/07/2017;2301;5610;;313;999;1;CNoA;08;5;
70536;COOPERATIVA JAIMANITA;;CALLE 232, NÚMERO 371, ENTRE TERCERA Y QUINTA;14/07/2017;2301;5610;;313;999;1;CNoA;08;5;
70537;COOPERATIVA VICTORIA DE ZANJA;;CALLE ZANJA NÚMERO 701, ENTRE ARAMBURU Y HOSPITAL;20/07/2017;2303;5610;;313;999;1;CNoA;08;5;
70538;COOPERATIVA SIGLO XX;;CALLE NEPTUNO NÚMERO 680 ENTRE BELASCOAIN Y GERVASIO;21/07/2017;2303;5610;;313;999;1;CNoA;08;5;
70539;COOPERATIVA TIERRA BRAVA;;CALLE SALUD NÚMERO 12, ENTRE RAYO Y AVENIDA ITALIA ( GALIANO );21/07/2017;2303;5610;;313;999;1;CNoA;08;5;
70540;COOPERATIVA CARIDAD DE MATADERO;;CALLE CRISTINA NÚMERO 1-C ENTRE ARROYO Y MATADERO;15/08/2017;2304;5610;;313;999;1;CNoA;08;5;
70541;COOPERATIVA MI DEFENSA;;CALLE OQUENDO, NÚMERO 1036, ENTRE CLAVEL Y SANTO TOMAS;24/08/2017;2303;5610;;313;999;1;CNoA;08;5;
70542;COOPERATIVA SOROA;;CALLE BELASCOAIN, ( PADRE VALERA ), NÚMERO 507, ENTRE SALUD Y JESÚS PEREGRINO;24/08/2017;2303;5610;;313;999;1;CNoA;08;5;
70543;COOPERATIVA BELLAS FLORES;;REINA NÚMERO 306 ENTRE LEALTAD Y CAMPANARIO;12/04/2018;2303;5610;;313;999;1;CNoA;08;5;
70544;COOPERATIVA LA TUTELAR;;CALLE JUZTIZ, NÚMERO 300, ENTRE LAS CALLE MÁXIMO GÓMEZ Y RAFAEL CÁRDENAS;15/05/2018;2307;5610;;313;999;1;CNoA;08;5;